期間,名單,選中樣本,+50成功數,Precision,Recall
開發期,S2 Top10,1940,269,13.8659793814433,17.501626545217956
開發期,S2 Top20,3880,448,11.54639175257732,29.1476903057905
開發期,S2 Top10 + Discovery Top10,3880,344,8.8659793814433,22.381262199089136
OOS期,S2 Top10,840,170,20.238095238095237,8.53413654618474
OOS期,S2 Top20,1680,324,19.28571428571429,16.265060240963855
OOS期,S2 Top10 + Discovery Top10,1680,266,15.833333333333332,13.353413654618473
全期間,S2 Top10,2780,439,15.79136690647482,12.439784641541513
全期間,S2 Top20,5560,772,13.884892086330936,21.87588551997733
全期間,S2 Top10 + Discovery Top10,5560,610,10.971223021582734,17.28534995749504
