項目,代號,日期,最新值,1日變動率,5日變動率,MA20,MA60,高於MA20,高於MA60
S&P 500,^GSPC,2026-09-25,7743.41015625,0.5098599586843999,1.2144324717338728,7672.476513671875,7618.26083984375,True,True
Nasdaq 100,^NDX,2026-09-25,30608.130859375,0.4241349152358076,3.2517724059754283,29620.59306640625,29312.513053385417,True,True
SOX 半導體,^SOX,2026-09-25,12668.9296875,1.411959840720578,6.267896840801357,11793.50908203125,11954.335481770833,True,True
VIX,^VIX,2026-09-25,14.869999885559082,-5.105297937714292,0.4051280502525234,15.67649998664856,16.04949994087219,False,False
台灣加權,^TWII,2026-09-24,48024.6015625,-0.2755294215747828,3.751731685318016,46755.77265625,45321.98528645833,True,True
TSM ADR,TSM,2026-09-25,450.6099853515625,-0.11969601068990698,3.6671432193190023,430.1885009765625,421.77699991861977,True,True
NVIDIA,NVDA,2026-09-25,225.07000732421875,0.21818750074313886,1.2597305070123355,221.75449981689454,213.9874994913737,True,True
AMD,AMD,2026-09-25,630.6300048828125,0.21771526808096464,12.648707911860013,528.1040023803711,509.2708353678385,True,True
Broadcom,AVGO,2026-09-25,352.80999755859375,0.6992842531868604,-1.3422409858745765,358.03199615478513,377.8008321126302,False,False
Micron,MU,2026-09-25,1082.280029296875,0.1619575534739015,6.544599557275799,994.1425018310547,942.9465026855469,True,True
Apple,AAPL,2026-09-25,341.07000732421875,1.5331012415526368,1.4696701780992472,329.39600067138673,321.0235000610352,True,True
Microsoft,MSFT,2026-09-25,516.1699829101562,3.663163597829633,4.53440483336931,500.0404998779297,461.3683319091797,True,True
Amazon,AMZN,2026-09-25,249.6699981689453,0.11628570071970934,-1.5923725663206434,254.30599975585938,254.6201665242513,False,False
美國10年債殖利率,^TNX,2026-09-25,5.184000015258789,0.4261882061972422,3.721485892470655,4.923849964141846,4.731566635767619,True,True
USD/TWD,TWD=X,2026-09-28,31.74799919128418,-0.18298582078771775,-0.19208342155295766,31.69786500930786,31.984118270874024,True,False
