期間,模型,設定,K,Precision,Recall,Lift,TP,選中樣本,實際+50
開發期,S1原模型,S1原模型,5,15.979381443298967,10.084580351333768,4.728212678333075,155,970,1537
開發期,S1原模型,S1原模型,10,13.144329896907218,16.590761223162005,3.889336235403014,255,1940,1537
開發期,S1原模型,S1原模型,20,10.747422680412372,27.130774235523745,3.180104333653053,417,3880,1537
開發期,S1原模型,S1原模型,30,9.450171821305842,35.7839947950553,2.796254809766873,550,5820,1537
開發期,S1原模型,S1原模型,50,7.845360824742268,49.51203643461288,2.3213999020719163,761,9700,1537
開發期,S1原模型,S1原模型,100,5.747422680412371,72.54391672088484,1.7006313343036707,1115,19400,1537
開發期,S2 leading,S2_E_BALANCED,5,14.742268041237114,9.303838646714379,4.362157503236322,143,970,1537
開發期,S2 leading,S2_E_BALANCED,10,13.8659793814433,17.501626545217956,4.102868420876121,269,1940,1537
開發期,S2 leading,S2_E_BALANCED,20,11.54639175257732,29.1476903057905,3.416514967569707,448,3880,1537
開發期,S2 leading,S2_E_BALANCED,30,9.914089347079038,37.540663630448925,2.9335255004281557,577,5820,1537
開發期,S2 leading,S2_E_BALANCED,50,8.257731958762887,52.114508783344185,2.443418293770835,801,9700,1537
開發期,S2 leading,S2_E_BALANCED,100,5.88659793814433,74.30058555627846,1.7418125415020558,1142,19400,1537
開發期,S2+Ignition2,I2_F0_S2_ONLY,5,14.742268041237114,9.303838646714379,4.362157503236322,143,970,1537
開發期,S2+Ignition2,I2_F0_S2_ONLY,10,13.8659793814433,17.501626545217956,4.102868420876121,269,1940,1537
開發期,S2+Ignition2,I2_F0_S2_ONLY,20,11.54639175257732,29.1476903057905,3.416514967569707,448,3880,1537
開發期,S2+Ignition2,I2_F0_S2_ONLY,30,9.914089347079038,37.540663630448925,2.9335255004281557,577,5820,1537
開發期,S2+Ignition2,I2_F0_S2_ONLY,50,8.257731958762887,52.114508783344185,2.443418293770835,801,9700,1537
開發期,S2+Ignition2,I2_F0_S2_ONLY,100,5.88659793814433,74.30058555627846,1.7418125415020558,1142,19400,1537
開發期,Ignition2單獨,Ignition2單獨,5,7.11340206185567,4.489264801561483,2.104817256806337,69,970,1537
開發期,Ignition2單獨,Ignition2單獨,10,5.979381443298969,7.547169811320755,1.7692666796343124,116,1940,1537
開發期,Ignition2單獨,Ignition2單獨,20,4.871134020618557,12.296681847755368,1.44134225194347,189,3880,1537
開發期,Ignition2單獨,Ignition2單獨,30,4.4673539518900345,16.916070266753415,1.3218659100716126,260,5820,1537
開發期,Ignition2單獨,Ignition2單獨,50,3.979381443298969,25.113858165256993,1.1774774798945595,386,9700,1537
開發期,Ignition2單獨,Ignition2單獨,100,3.0103092783505154,37.9960962914769,0.890734259402102,584,19400,1537
OOS期,S1原模型,S1原模型,5,22.36842105263158,4.26706827309237,2.205175967025999,85,380,1992
OOS期,S1原模型,S1原模型,10,23.026315789473685,8.785140562248996,2.270034083703234,175,760,1992
OOS期,S1原模型,S1原模型,20,20.986842105263158,16.014056224899598,2.0689739220038046,319,1520,1992
OOS期,S1原模型,S1原模型,30,19.078947368421055,21.837349397590362,1.8808853836398227,435,2280,1992
OOS期,S1原模型,S1原模型,50,17.736842105263158,33.835341365461844,1.7485748256182627,674,3800,1992
OOS期,S1原模型,S1原模型,100,15.31578947368421,58.43373493975904,1.509896956246037,1164,7600,1992
OOS期,S2 leading,S2_E_BALANCED,5,24.736842105263158,4.718875502008032,2.4386651870640454,94,380,1992
OOS期,S2 leading,S2_E_BALANCED,10,22.36842105263158,8.53413654618474,2.205175967025999,170,760,1992
OOS期,S2 leading,S2_E_BALANCED,20,21.31578947368421,16.265060240963855,2.1014029803424226,324,1520,1992
OOS期,S2 leading,S2_E_BALANCED,30,19.824561403508774,22.690763052208833,1.9543912492073559,452,2280,1992
OOS期,S2 leading,S2_E_BALANCED,50,18.184210526315788,34.68875502008032,1.7926783449587824,691,3800,1992
OOS期,S2 leading,S2_E_BALANCED,100,15.736842105263158,60.040160642570285,1.5514061509194674,1196,7600,1992
OOS期,S2+Ignition2,I2_F0_S2_ONLY,5,24.736842105263158,4.718875502008032,2.4386651870640454,94,380,1992
OOS期,S2+Ignition2,I2_F0_S2_ONLY,10,22.36842105263158,8.53413654618474,2.205175967025999,170,760,1992
OOS期,S2+Ignition2,I2_F0_S2_ONLY,20,21.31578947368421,16.265060240963855,2.1014029803424226,324,1520,1992
OOS期,S2+Ignition2,I2_F0_S2_ONLY,30,19.824561403508774,22.690763052208833,1.9543912492073559,452,2280,1992
OOS期,S2+Ignition2,I2_F0_S2_ONLY,50,18.184210526315788,34.68875502008032,1.7926783449587824,691,3800,1992
OOS期,S2+Ignition2,I2_F0_S2_ONLY,100,15.736842105263158,60.040160642570285,1.5514061509194674,1196,7600,1992
OOS期,Ignition2單獨,Ignition2單獨,5,13.157894736842104,2.5100401606425704,1.2971623335447051,50,380,1992
OOS期,Ignition2單獨,Ignition2單獨,10,11.973684210526315,4.568273092369478,1.1804177235256816,91,760,1992
OOS期,Ignition2單獨,Ignition2單獨,20,12.302631578947368,9.387550200803213,1.2128467818642992,187,1520,1992
OOS期,Ignition2單獨,Ignition2單獨,30,11.140350877192983,12.751004016064257,1.0982641090678504,254,2280,1992
OOS期,Ignition2單獨,Ignition2單獨,50,10.947368421052632,20.883534136546185,1.0792390615091947,416,3800,1992
OOS期,Ignition2單獨,Ignition2單獨,100,9.171052631578949,34.98995983935743,0.9041221464806596,697,7600,1992
全期間,S1原模型,S1原模型,5,17.77777777777778,6.8007934258996885,3.280350114920815,240,1350,3529
全期間,S1原模型,S1原模型,10,15.925925925925927,12.184754888070275,2.938646977949897,430,2700,3529
全期間,S1原模型,S1原模型,20,13.62962962962963,20.855766506092376,2.5149350881059584,736,5400,3529
全期間,S1原模型,S1原模型,30,12.160493827160494,27.911589685463305,2.243850599442363,985,8100,3529
全期間,S1原模型,S1原模型,50,10.62962962962963,40.663077359025216,1.9613760062130705,1435,13500,3529
全期間,S1原模型,S1原模型,100,8.44074074074074,64.57920090677246,1.5574828983134452,2279,27000,3529
全期間,S2 leading,S2_E_BALANCED,5,17.555555555555554,6.715783508075942,3.2393457384843045,237,1350,3529
全期間,S2 leading,S2_E_BALANCED,10,16.25925925925926,12.439784641541513,3.000153542604662,439,2700,3529
全期間,S2 leading,S2_E_BALANCED,20,14.296296296296296,21.87588551997733,2.6379482174154885,772,5400,3529
全期間,S2 leading,S2_E_BALANCED,30,12.703703703703702,29.158401813544916,2.344083519620499,1029,8100,3529
全期間,S2 leading,S2_E_BALANCED,50,11.051851851851852,42.2782657976764,2.03928432144244,1492,13500,3529
全期間,S2 leading,S2_E_BALANCED,100,8.65925925925926,66.2510626239728,1.5978038684760136,2338,27000,3529
全期間,S2+Ignition2,I2_F0_S2_ONLY,5,17.555555555555554,6.715783508075942,3.2393457384843045,237,1350,3529
全期間,S2+Ignition2,I2_F0_S2_ONLY,10,16.25925925925926,12.439784641541513,3.000153542604662,439,2700,3529
全期間,S2+Ignition2,I2_F0_S2_ONLY,20,14.296296296296296,21.87588551997733,2.6379482174154885,772,5400,3529
全期間,S2+Ignition2,I2_F0_S2_ONLY,30,12.703703703703702,29.158401813544916,2.344083519620499,1029,8100,3529
全期間,S2+Ignition2,I2_F0_S2_ONLY,50,11.051851851851852,42.2782657976764,2.03928432144244,1492,13500,3529
全期間,S2+Ignition2,I2_F0_S2_ONLY,100,8.65925925925926,66.2510626239728,1.5978038684760136,2338,27000,3529
全期間,Ignition2單獨,Ignition2單獨,5,8.814814814814815,3.372060073675262,1.6265069319815706,119,1350,3529
全期間,Ignition2單獨,Ignition2單獨,10,7.666666666666666,5.865684329838481,1.4146509870596014,207,2700,3529
全期間,Ignition2單獨,Ignition2單獨,20,6.962962962962963,10.654576367242845,1.2848037950106523,376,5400,3529
全期間,Ignition2單獨,Ignition2單獨,30,6.345679012345679,14.565032587135166,1.1709027493536797,514,8100,3529
全期間,Ignition2單獨,Ignition2單獨,50,5.940740740740741,22.72598469821479,1.0961836634027058,802,13500,3529
全期間,Ignition2單獨,Ignition2單獨,100,4.7444444444444445,36.299234910739585,0.8754434369194924,1281,27000,3529
