特徵,成功中位數,其他中位數,低25%快速爆發率,高25%快速爆發率,高低差
atr_pct,4.152822986952406,3.0687830687830693,0.4147902346527613,3.395354349371889,2.9805641147191273
vol20_ann,46.57126648029894,34.1763702507893,0.4799715572410524,3.2946195780990757,2.814648020858023
bb_width20,17.723544264533253,13.34126963892443,0.7881014458402466,2.885754918227068,2.0976534723868214
range_compression_10_40,0.5272727272727272,0.4516134755160591,1.2739985778620526,2.7257643991467173,1.4517658212846647
volume_ma5_vs20,1.0049938114293977,0.9622215181274668,1.9613652524294856,2.5302204313818444,0.5688551789523586
vol_accel_5_20,0.9613771152584109,0.9202559921765862,1.7361934107608439,2.257643991467172,0.5214505807063285
atr_accel_5_20,1.0256409253202103,0.9919138730103174,1.819151457691396,2.334676463616971,0.5155250059255749
bb_width_delta5,0.3541354130555199,-0.040710576029749035,1.990993126333254,2.494666982697322,0.5036738563640675
ma20_bias,1.3319417691387558,0.5427605098907939,2.1391324958520976,2.6013273287508887,0.46219483289879104
ret20,2.513970796254128,1.098901098901095,2.1095046219483287,2.4354112348897843,0.32590661294145534
ma5_slope5,0.3789183603168933,0.283126573068504,2.3880066366437545,2.459113534012799,0.07110689736904464
volume_1_vs5,0.9611925689494112,0.9526147041388455,2.1272813462905904,2.156909220194359,0.029627873903768573
ma20_slope5,0.45093374564719735,0.27341147163917334,2.180611519317374,2.2043138184403888,0.023702299123014997
ret5,0.17391304347826875,0.2732303087090715,2.4115660366178826,2.4057833609860158,-0.005782675631866782
rsi_delta5,-0.3077118815826836,0.07271366576096483,2.091727897606068,2.008769850675516,-0.08295804693055214
macd_hist_delta5,-0.003830135319860678,0.0026319129080796255,2.257643991467172,2.097653472386822,-0.15999051908035072
dist_prev20_high,-5.116279069767438,-4.1975327479986335,2.494666982697322,1.753970135103105,-0.7406968475942167
