特徵,+50成功中位數,未達+50中位數,標準化差異,單變量區分力AUC,低25%命中率,高25%命中率,高低25%命中率差,全池命中率,方向
atr_pct,4.9091361616846285,2.976190855286185,1.0045692770483898,0.7598136018923582,0.7800982800982801,12.936117936117936,12.156019656019655,5.419475712947463,越高越有利
vol20_ann,56.276869974506894,33.06855123025862,0.9387189624891445,0.7509913590826033,0.9275184275184275,12.721130221130222,11.793611793611795,5.419475712947463,越高越有利
ret60,17.380346545541858,2.6709373398392855,0.7030084081924846,0.6695196839341157,3.2985257985257985,11.203931203931203,7.905405405405405,5.419475712947463,越高越有利
ret20,5.838505525766702,0.9433948095404099,0.5039107779796463,0.6062918942911767,4.975429975429976,9.969287469287469,4.993857493857493,5.419475712947463,越高越有利
ma20_bias,3.0315878736485002,0.4434887156072098,0.4439823101770183,0.6022255465265735,5.19041769041769,9.92014742014742,4.729729729729729,5.419475712947463,越高越有利
rsi14,55.86914861344989,51.42589373296255,0.3557355938479615,0.5992496817902336,3.5257985257985256,8.077395577395578,4.551597051597051,5.419475712947463,越高越有利
ret5,1.5624984866008385,0.18796970831318482,0.29583127880224863,0.5616233519010679,6.025798525798526,8.845208845208845,2.819410319410319,5.419475712947463,越高越有利
macd_hist,0.056252294992514384,0.00779239177512845,-0.0004844149410598493,0.5335974319646898,6.572481572481573,8.065110565110565,1.4926289926289928,5.419475712947463,越低越有利
vol_ratio,0.9350365328535772,0.8845598462863971,0.1695659557469631,0.5242472796080935,5.577395577395578,6.738329238329238,1.1609336609336607,5.419475712947463,越高越有利
