期間,模型,S2設定,K,Precision,Recall,Lift,TP,選中樣本,實際+50
開發期,S1原模型,S1,5,15.979381443298967,10.084580351333768,4.728212678333075,155,970,1537
開發期,S1原模型,S1,10,13.144329896907218,16.590761223162005,3.889336235403014,255,1940,1537
開發期,S1原模型,S1,20,10.747422680412372,27.130774235523745,3.180104333653053,417,3880,1537
開發期,S1原模型,S1,30,9.450171821305842,35.7839947950553,2.796254809766873,550,5820,1537
開發期,S1原模型,S1,50,7.845360824742268,49.51203643461288,2.3213999020719163,761,9700,1537
開發期,S1原模型,S1,100,5.747422680412371,72.54391672088484,1.7006313343036707,1115,19400,1537
開發期,S2候選模型,S2_E_BALANCED,5,14.742268041237114,9.303838646714379,4.362157503236322,143,970,1537
開發期,S2候選模型,S2_E_BALANCED,10,13.8659793814433,17.501626545217956,4.102868420876121,269,1940,1537
開發期,S2候選模型,S2_E_BALANCED,20,11.54639175257732,29.1476903057905,3.416514967569707,448,3880,1537
開發期,S2候選模型,S2_E_BALANCED,30,9.914089347079038,37.540663630448925,2.9335255004281557,577,5820,1537
開發期,S2候選模型,S2_E_BALANCED,50,8.257731958762887,52.114508783344185,2.443418293770835,801,9700,1537
開發期,S2候選模型,S2_E_BALANCED,100,5.88659793814433,74.30058555627846,1.7418125415020558,1142,19400,1537
OOS期,S1原模型,S1,5,22.36842105263158,4.26706827309237,2.205175967025999,85,380,1992
OOS期,S1原模型,S1,10,23.026315789473685,8.785140562248996,2.270034083703234,175,760,1992
OOS期,S1原模型,S1,20,20.986842105263158,16.014056224899598,2.0689739220038046,319,1520,1992
OOS期,S1原模型,S1,30,19.078947368421055,21.837349397590362,1.8808853836398227,435,2280,1992
OOS期,S1原模型,S1,50,17.736842105263158,33.835341365461844,1.7485748256182627,674,3800,1992
OOS期,S1原模型,S1,100,15.31578947368421,58.43373493975904,1.509896956246037,1164,7600,1992
OOS期,S2候選模型,S2_E_BALANCED,5,24.736842105263158,4.718875502008032,2.4386651870640454,94,380,1992
OOS期,S2候選模型,S2_E_BALANCED,10,22.36842105263158,8.53413654618474,2.205175967025999,170,760,1992
OOS期,S2候選模型,S2_E_BALANCED,20,21.31578947368421,16.265060240963855,2.1014029803424226,324,1520,1992
OOS期,S2候選模型,S2_E_BALANCED,30,19.824561403508774,22.690763052208833,1.9543912492073559,452,2280,1992
OOS期,S2候選模型,S2_E_BALANCED,50,18.184210526315788,34.68875502008032,1.7926783449587824,691,3800,1992
OOS期,S2候選模型,S2_E_BALANCED,100,15.736842105263158,60.040160642570285,1.5514061509194674,1196,7600,1992
全期間,S1原模型,S1,5,17.77777777777778,6.8007934258996885,3.280350114920815,240,1350,3529
全期間,S1原模型,S1,10,15.925925925925927,12.184754888070275,2.938646977949897,430,2700,3529
全期間,S1原模型,S1,20,13.62962962962963,20.855766506092376,2.5149350881059584,736,5400,3529
全期間,S1原模型,S1,30,12.160493827160494,27.911589685463305,2.243850599442363,985,8100,3529
全期間,S1原模型,S1,50,10.62962962962963,40.663077359025216,1.9613760062130705,1435,13500,3529
全期間,S1原模型,S1,100,8.44074074074074,64.57920090677246,1.5574828983134452,2279,27000,3529
全期間,S2候選模型,S2_E_BALANCED,5,17.555555555555554,6.715783508075942,3.2393457384843045,237,1350,3529
全期間,S2候選模型,S2_E_BALANCED,10,16.25925925925926,12.439784641541513,3.000153542604662,439,2700,3529
全期間,S2候選模型,S2_E_BALANCED,20,14.296296296296296,21.87588551997733,2.6379482174154885,772,5400,3529
全期間,S2候選模型,S2_E_BALANCED,30,12.703703703703702,29.158401813544916,2.344083519620499,1029,8100,3529
全期間,S2候選模型,S2_E_BALANCED,50,11.051851851851852,42.2782657976764,2.03928432144244,1492,13500,3529
全期間,S2候選模型,S2_E_BALANCED,100,8.65925925925926,66.2510626239728,1.5978038684760136,2338,27000,3529
