strategy_id,開發期排名,期間,往返成本%,交易數,平均淨報酬,中位數淨報酬,勝率,Profit Factor,10分位淨報酬,最大單筆虧損,中位持有天數,毛+20%實現率,毛+30%實現率,毛+50%實現率,淨+20%實現率,淨+30%實現率,淨+50%實現率,MFE中位數,MAE中位數
HOLD_40,3.0,OOS期,0.3,720,11.37562549618633,3.8679293935611985,54.30555555555555,2.3779976983145104,-28.40265389739127,-54.12955771305286,40.0,33.33333333333333,24.444444444444443,13.61111111111111,32.77777777777778,23.47222222222222,13.333333333333334,26.571214118451703,-13.741197183098592
NS_A30_T20_H60,4.0,OOS期,0.3,720,12.10714806594783,8.30718787668976,63.61111111111111,2.6632332693343197,-26.924828667166626,-57.90517799352751,60.0,33.19444444444444,23.61111111111111,12.36111111111111,33.05555555555556,22.916666666666664,12.083333333333334,32.042782441641315,-13.567424873782358
NS_A40_T20_H40,4.0,OOS期,0.3,720,10.094881741083084,5.253488069957635,55.833333333333336,2.260754880981302,-28.16014923719404,-54.12955771305286,40.0,33.33333333333333,21.52777777777778,11.25,32.63888888888889,20.833333333333336,10.833333333333334,26.571214118451703,-13.314066721612306
SL10_A30_T20_H60,2.0,OOS期,0.3,720,5.677281403359496,-10.299999999999999,38.19444444444444,1.854657277449091,-11.314045403431756,-19.182471606231523,14.0,21.52777777777778,15.694444444444445,7.361111111111112,21.38888888888889,15.416666666666668,7.222222222222221,14.611444529477325,-10.494555800523003
SL10_HOLD60,1.0,OOS期,0.3,720,9.298760953573604,-10.299999999999999,32.361111111111114,2.2894530023722384,-11.356897793907589,-19.182471606231523,18.0,23.47222222222222,21.25,12.777777777777777,23.333333333333332,20.694444444444443,12.63888888888889,14.611444529477325,-10.745981747480172
HOLD_40,3.0,開發期,0.3,1940,4.934167881687811,-2.3319654245283754,45.30927835051546,1.6417067097836167,-22.233135959795433,-67.73951663245788,40.0,21.34020618556701,14.742268041237114,7.010309278350515,21.082474226804123,14.484536082474229,6.855670103092784,15.415886307738901,-13.491135401737647
NS_A30_T20_H60,4.0,開發期,0.3,1940,4.868022607863469,-0.9732654913404801,48.76288659793814,1.5267851137104929,-27.604326744086805,-61.09059726568999,60.0,23.60824742268041,16.804123711340207,7.835051546391752,23.09278350515464,16.546391752577318,7.525773195876289,18.93764538963306,-15.67502936971253
NS_A40_T20_H40,4.0,開發期,0.3,1940,4.868735027134254,-1.8041477782582747,46.597938144329895,1.6415719838093323,-22.210087766749844,-67.73951663245788,40.0,22.319587628865982,14.63917525773196,6.649484536082475,21.804123711340207,14.38144329896907,6.34020618556701,15.415886307738901,-13.308781538489212
SL10_A30_T20_H60,2.0,開發期,0.3,1940,3.103213031189174,-10.299999999999999,32.06185567010309,1.4431808633631324,-10.30000000000001,-19.666517217989966,18.0,16.90721649484536,11.804123711340205,5.77319587628866,16.443298969072163,11.649484536082474,5.618556701030928,10.600739398624427,-10.572693591258398
SL10_HOLD60,1.0,開發期,0.3,1940,3.5619754412064766,-10.299999999999999,26.75257731958763,1.4734434218560601,-10.492354438915282,-19.666517217989966,22.0,16.237113402061855,11.855670103092782,6.752577319587629,16.082474226804123,11.649484536082474,6.649484536082475,10.600739398624427,-10.71428571428571
HOLD_40,3.0,OOS期,0.6,720,11.07562549618633,3.567929393561198,54.30555555555555,2.3197416325291607,-28.702653897391272,-54.429557713052866,40.0,33.33333333333333,24.444444444444443,13.61111111111111,32.77777777777778,23.47222222222222,13.333333333333334,26.571214118451703,-13.741197183098592
NS_A30_T20_H60,4.0,OOS期,0.6,720,11.807148065947827,8.007187876689759,63.47222222222222,2.59798085746635,-27.224828667166626,-58.20517799352751,60.0,33.19444444444444,23.61111111111111,12.36111111111111,33.05555555555556,22.916666666666664,12.083333333333334,32.042782441641315,-13.567424873782358
NS_A40_T20_H40,4.0,OOS期,0.6,720,9.794881741083081,4.953488069957635,55.833333333333336,2.2033743011676297,-28.46014923719404,-54.429557713052866,40.0,33.33333333333333,21.52777777777778,11.25,32.63888888888889,20.833333333333336,10.833333333333334,26.571214118451703,-13.314066721612306
SL10_A30_T20_H60,2.0,OOS期,0.6,720,5.377281403359498,-10.599999999999998,38.19444444444444,1.787513753606993,-11.614045403431755,-19.482471606231524,14.0,21.52777777777778,15.694444444444445,7.361111111111112,21.38888888888889,15.416666666666668,7.222222222222221,14.611444529477325,-10.494555800523003
SL10_HOLD60,1.0,OOS期,0.6,720,8.998760953573605,-10.599999999999998,32.361111111111114,2.213700703752717,-11.656897793907588,-19.482471606231524,18.0,23.47222222222222,21.25,12.777777777777777,23.333333333333332,20.694444444444443,12.63888888888889,14.611444529477325,-10.745981747480172
HOLD_40,3.0,開發期,0.6,1940,4.6341678816878105,-2.631965424528376,44.74226804123712,1.5900299551770558,-22.533135959795434,-68.03951663245788,40.0,21.34020618556701,14.742268041237114,7.010309278350515,21.082474226804123,14.484536082474229,6.855670103092784,15.415886307738901,-13.491135401737647
NS_A30_T20_H60,4.0,開發期,0.6,1940,4.568022607863468,-1.2732654913404802,48.402061855670105,1.4862056599541085,-27.904326744086806,-61.39059726569,60.0,23.60824742268041,16.804123711340207,7.835051546391752,23.09278350515464,16.546391752577318,7.525773195876289,18.93764538963306,-15.67502936971253
NS_A40_T20_H40,4.0,開發期,0.6,1940,4.568735027134253,-2.104147778258275,46.03092783505154,1.589523064414728,-22.510087766749844,-68.03951663245788,40.0,22.319587628865982,14.63917525773196,6.649484536082475,21.804123711340207,14.38144329896907,6.34020618556701,15.415886307738901,-13.308781538489212
SL10_A30_T20_H60,2.0,開發期,0.6,1940,2.8032130311891756,-10.599999999999998,32.06185567010309,1.389013600234764,-10.600000000000009,-19.966517217989967,18.0,16.90721649484536,11.804123711340205,5.77319587628866,16.443298969072163,11.649484536082474,5.618556701030928,10.600739398624427,-10.572693591258398
SL10_HOLD60,1.0,開發期,0.6,1940,3.2619754412064785,-10.599999999999998,26.75257731958763,1.42126464608916,-10.79235443891528,-19.966517217989967,22.0,16.237113402061855,11.855670103092782,6.752577319587629,16.082474226804123,11.649484536082474,6.649484536082475,10.600739398624427,-10.71428571428571
HOLD_40,3.0,OOS期,1.0,720,10.67562549618633,3.1679293935611983,53.61111111111111,2.2448074209012825,-29.10265389739127,-54.829557713052864,40.0,33.33333333333333,24.444444444444443,13.61111111111111,32.77777777777778,23.47222222222222,13.333333333333334,26.571214118451703,-13.741197183098592
NS_A30_T20_H60,4.0,OOS期,1.0,720,11.407148065947828,7.60718787668976,63.19444444444444,2.5137968074235184,-27.624828667166625,-58.60517799352751,60.0,33.19444444444444,23.61111111111111,12.36111111111111,33.05555555555556,22.916666666666664,12.083333333333334,32.042782441641315,-13.567424873782358
NS_A40_T20_H40,4.0,OOS期,1.0,720,9.394881741083083,4.553488069957635,55.13888888888889,2.1295643980750234,-28.86014923719404,-54.829557713052864,40.0,33.33333333333333,21.52777777777778,11.25,32.63888888888889,20.833333333333336,10.833333333333334,26.571214118451703,-13.314066721612306
SL10_A30_T20_H60,2.0,OOS期,1.0,720,4.9772814033594965,-10.999999999999998,38.19444444444444,1.703463216824652,-12.014045403431755,-19.882471606231523,14.0,21.52777777777778,15.694444444444445,7.361111111111112,21.38888888888889,15.416666666666668,7.222222222222221,14.611444529477325,-10.494555800523003
SL10_HOLD60,1.0,OOS期,1.0,720,8.598760953573604,-10.999999999999998,32.361111111111114,2.118920533235898,-12.056897793907588,-19.882471606231523,18.0,23.47222222222222,21.25,12.777777777777777,23.333333333333332,20.694444444444443,12.63888888888889,14.611444529477325,-10.745981747480172
HOLD_40,3.0,開發期,1.0,1940,4.234167881687811,-3.0319654245283756,43.402061855670105,1.5241772226118193,-22.933135959795433,-68.43951663245788,40.0,21.34020618556701,14.742268041237114,7.010309278350515,21.082474226804123,14.484536082474229,6.855670103092784,15.415886307738901,-13.491135401737647
NS_A30_T20_H60,4.0,開發期,1.0,1940,4.168022607863469,-1.67326549134048,48.04123711340206,1.4340644143080534,-28.304326744086804,-61.790597265689996,60.0,23.60824742268041,16.804123711340207,7.835051546391752,23.09278350515464,16.546391752577318,7.525773195876289,18.93764538963306,-15.67502936971253
NS_A40_T20_H40,4.0,開發期,1.0,1940,4.168735027134253,-2.5041477782582744,44.74226804123712,1.5231680630934967,-22.910087766749843,-68.43951663245788,40.0,22.319587628865982,14.63917525773196,6.649484536082475,21.804123711340207,14.38144329896907,6.34020618556701,15.415886307738901,-13.308781538489212
SL10_A30_T20_H60,2.0,開發期,1.0,1940,2.403213031189175,-10.999999999999998,31.958762886597935,1.321373763864817,-11.000000000000009,-20.366517217989966,18.0,16.90721649484536,11.804123711340205,5.77319587628866,16.443298969072163,11.649484536082474,5.618556701030928,10.600739398624427,-10.572693591258398
SL10_HOLD60,1.0,開發期,1.0,1940,2.861975441206477,-10.999999999999998,26.5979381443299,1.356120731546914,-11.192354438915281,-20.366517217989966,22.0,16.237113402061855,11.855670103092782,6.752577319587629,16.082474226804123,11.649484536082474,6.649484536082475,10.600739398624427,-10.71428571428571
