期間,停損,最長持有日,交易數,平均淨報酬,中位數淨報酬,勝率,Profit Factor,10分位淨報酬,最大單筆虧損,中位持有天數,毛+20%實現率,毛+30%實現率,毛+50%實現率,淨+20%實現率,淨+30%實現率,淨+50%實現率,MFE中位數,MAE中位數
OOS期,10%,20,720,4.127687483573425,-10.599999999999985,39.58333333333333,1.6698683923685564,-11.250955337231032,-19.482471606231524,18.0,20.555555555555554,13.88888888888889,5.0,20.416666666666668,13.88888888888889,4.861111111111112,12.399732620320858,-10.118656529628932
OOS期,10%,40,720,6.750067757161733,-10.599999999999998,34.86111111111111,1.9593432442792633,-11.624010776766763,-19.482471606231524,18.0,23.333333333333332,17.77777777777778,10.277777777777777,23.194444444444446,16.944444444444446,10.277777777777777,14.433760507415583,-10.566243868955027
OOS期,10%,60,720,8.997647423243542,-10.599999999999998,32.22222222222222,2.21123232680199,-11.656897793907588,-19.482471606231524,18.0,23.47222222222222,21.25,13.055555555555557,23.333333333333332,20.694444444444443,12.916666666666668,14.611444529477325,-10.761748322998871
OOS期,15%,20,720,5.179866623398292,-1.639242965770343,48.05555555555556,1.7718946737716534,-15.74803542838112,-23.725996528808057,20.0,22.916666666666664,15.694444444444445,5.694444444444445,22.77777777777778,15.694444444444445,5.555555555555555,15.28814640114441,-10.63829787234043
OOS期,15%,40,720,8.830042322798423,-7.401289334973481,44.583333333333336,2.081325492652408,-16.4588010160769,-23.725996528808057,40.0,28.749999999999996,21.52777777777778,12.222222222222221,28.47222222222222,20.555555555555554,12.222222222222221,20.769746949043835,-13.741197183098592
OOS期,15%,60,720,12.426321232278285,-15.59999999999999,42.638888888888886,2.4266734923336495,-17.147788085321217,-23.725996528808057,52.0,29.166666666666668,25.694444444444443,16.52777777777778,29.02777777777778,25.13888888888889,16.38888888888889,23.072104099208232,-15.00551876379691
OOS期,18%,20,720,5.3276059663142155,0.05980588994837277,50.138888888888886,1.7762266961082025,-18.600000000000005,-26.303566527283497,20.0,23.47222222222222,15.972222222222221,5.833333333333333,23.333333333333332,15.972222222222221,5.694444444444445,15.789473684210531,-10.63829787234043
OOS期,18%,40,720,9.005349490870971,-2.7105885961885674,47.5,2.0406729836203064,-19.614368435453713,-26.303566527283497,40.0,30.277777777777775,22.22222222222222,12.63888888888889,29.86111111111111,21.25,12.63888888888889,22.40246093587053,-13.741197183098592
OOS期,18%,60,720,12.787415574331458,-5.874152043501806,46.111111111111114,2.3652398673801676,-20.064424480658715,-26.303566527283497,60.0,30.833333333333336,26.805555555555554,16.944444444444446,30.694444444444446,26.111111111111114,16.805555555555557,26.37032997000273,-15.57243555576529
OOS期,無停損,20,720,6.501730712179308,1.9257130500447754,54.30555555555555,2.0038521118611947,-21.554997383568818,-51.977245508982044,20.0,24.72222222222222,17.083333333333332,5.972222222222222,24.583333333333332,17.083333333333332,5.833333333333333,17.235491317353535,-10.63829787234043
OOS期,無停損,40,720,11.023188429321975,3.6550305935785015,54.30555555555555,2.3124515844559874,-28.797738878302066,-54.429557713052866,40.0,33.47222222222222,24.444444444444443,13.750000000000002,32.77777777777778,23.47222222222222,13.472222222222221,26.69211221862441,-13.741197183098592
OOS期,無停損,60,720,16.70090356368701,6.032415459823804,56.666666666666664,3.009418042436939,-27.81405633452822,-58.20517799352751,60.0,36.25,30.694444444444446,18.88888888888889,36.11111111111111,29.72222222222222,18.75,33.602363183862536,-15.57243555576529
開發期,10%,20,1940,0.9305645785388649,-8.26652721400286,36.70103092783505,1.157570372290525,-10.599999999999998,-18.889478182853516,20.0,12.783505154639174,7.525773195876289,2.4226804123711343,12.474226804123711,7.216494845360824,2.4226804123711343,8.875488704585665,-9.81273747328148
開發期,10%,40,1940,2.402173030047782,-10.599999999999998,31.1340206185567,1.3422226708071399,-10.600000000000009,-18.889478182853516,22.0,16.443298969072163,11.494845360824742,5.206185567010309,16.237113402061855,11.288659793814434,5.103092783505154,10.302365490642572,-10.505378840647012
開發期,10%,60,1940,3.1650874853858526,-10.599999999999998,26.75257731958763,1.4092570285386021,-10.79482590169049,-19.966517217989967,22.0,16.288659793814432,11.855670103092782,6.649484536082475,16.082474226804123,11.649484536082474,6.54639175257732,10.677975077640633,-10.696430792190025
開發期,15%,20,1940,1.2258584116086708,-3.363336038611636,41.44329896907217,1.1906763018067863,-15.600000000000001,-23.757893021457555,20.0,14.02061855670103,8.195876288659793,2.88659793814433,13.608247422680412,7.886597938144329,2.8350515463917527,10.337005781467923,-9.81273747328148
開發期,15%,40,1940,2.519441454456768,-8.730102796226578,37.93814432989691,1.305446880400513,-15.600000000000014,-23.757893021457555,40.0,18.762886597938145,12.731958762886597,5.824742268041237,18.556701030927837,12.525773195876289,5.670103092783505,13.115136988601162,-13.517953319209825
開發期,15%,60,1940,3.578286508161352,-15.600000000000001,33.91752577319588,1.3784301901651157,-15.600000000000014,-23.757893021457555,48.0,20.0,14.123711340206185,7.9381443298969065,19.690721649484537,13.917525773195877,7.835051546391752,14.67625432890769,-15.237390421972112
開發期,18%,20,1940,1.3599947291097607,-2.431723014855846,43.09278350515464,1.2101732809745256,-18.599999999999994,-25.29758316228944,20.0,14.22680412371134,8.24742268041237,2.88659793814433,13.814432989690722,7.9381443298969065,2.8350515463917527,10.670688178183894,-9.81273747328148
開發期,18%,40,1940,2.6358421897713287,-5.67737972879938,40.618556701030926,1.3073329769508537,-18.599999999999994,-26.166342123165464,40.0,19.536082474226806,13.195876288659795,6.030927835051546,19.329896907216497,12.93814432989691,5.876288659793814,14.114663607355116,-13.517953319209825
開發期,18%,60,1940,3.6251113304008284,-12.11457402670189,36.80412371134021,1.3598362721132087,-18.600000000000005,-26.166342123165464,60.0,21.1340206185567,15.051546391752577,8.195876288659793,20.77319587628866,14.845360824742269,8.092783505154639,16.085732835117184,-16.82544647659802
開發期,無停損,20,1940,2.0706128707962286,-1.426923582288952,45.30927835051546,1.3418690451294983,-18.0502914048675,-57.45483991789893,20.0,14.793814432989691,8.402061855670103,2.9896907216494846,14.278350515463917,8.092783505154639,2.938144329896907,10.998960338620357,-9.81273747328148
開發期,無停損,40,1940,4.582882103138071,-2.7012082591355284,44.79381443298969,1.5810693602093007,-22.53899103747204,-68.03951663245788,40.0,21.34020618556701,14.587628865979383,6.907216494845361,21.082474226804123,14.329896907216494,6.752577319587629,15.480799870885232,-13.517953319209825
開發期,無停損,60,1940,5.495714409334561,-4.760484790258783,42.88659793814433,1.5479781400006667,-28.01157096398984,-61.39059726569,60.0,23.8659793814433,17.216494845360824,9.329896907216495,23.45360824742268,16.90721649484536,9.175257731958762,19.00826446280992,-16.82544647659802
