strategy_id,開發期排名,年份,交易數,平均淨報酬,中位數淨報酬,勝率,Profit Factor,10分位淨報酬,最大單筆虧損,中位持有天數,毛+20%實現率,毛+30%實現率,毛+50%實現率,淨+20%實現率,淨+30%實現率,淨+50%實現率,MFE中位數,MAE中位數
SL10_HOLD60,1.0,2021,480,6.72046226250714,-10.599999999999998,24.166666666666668,1.8124813808603728,-11.056706901679682,-18.889478182853516,15.0,16.041666666666668,11.875,7.291666666666667,16.041666666666668,11.666666666666666,7.291666666666667,11.563952486441865,-10.94814062771302
SL10_HOLD60,1.0,2022,490,-0.21503649202933206,-10.599999999999998,18.979591836734695,0.9751111027583262,-11.053120281874802,-16.54770842907476,17.0,12.448979591836734,9.795918367346939,5.918367346938775,12.448979591836734,9.795918367346939,5.918367346938775,7.0601172563375165,-10.95214350115376
SL10_HOLD60,1.0,2023,480,7.729527057584701,-10.599999999999985,41.041666666666664,2.2898189601862082,-10.599999999999998,-19.966517217989967,47.5,24.583333333333332,17.5,9.791666666666666,23.958333333333336,17.083333333333332,9.375,15.075142755068516,-10.069688270915034
SL10_HOLD60,1.0,2024,490,-1.2232825870644282,-10.599999999999998,23.46938775510204,0.8470774598189298,-10.799272221700322,-17.207142857142856,18.0,12.040816326530612,8.36734693877551,3.877551020408163,12.040816326530612,8.16326530612245,3.877551020408163,10.915931126678602,-10.730555020308174
SL10_HOLD60,1.0,2025,480,10.805562206064199,-10.599999999999998,37.291666666666664,2.5805908569795992,-11.624010776766763,-19.395620437956207,27.5,26.041666666666668,23.541666666666668,13.333333333333334,26.041666666666668,22.916666666666664,13.125,15.757882882882878,-10.455151803616886
SL10_HOLD60,1.0,2026,240,4.910582576611805,-10.599999999999998,22.5,1.5733437485660493,-11.735986209257124,-19.482471606231524,9.0,17.916666666666668,16.25,11.666666666666666,17.5,15.833333333333332,11.666666666666666,13.871282695824316,-11.228059151431335
SL10_A30_T20_H60,2.0,2021,480,6.366453270522328,-10.599999999999998,35.625,1.9084262275724801,-10.600000000000009,-18.889478182853516,12.0,18.75,13.333333333333334,7.708333333333334,18.333333333333332,13.333333333333334,7.291666666666667,11.563952486441865,-10.651060166363074
SL10_A30_T20_H60,2.0,2022,490,-1.5551300604411873,-10.599999999999998,21.836734693877553,0.8143517696004233,-11.053120281874802,-16.54770842907476,15.0,11.428571428571429,7.346938775510205,3.877551020408163,11.020408163265307,7.346938775510205,3.6734693877551026,7.0601172563375165,-10.863698290037089
SL10_A30_T20_H60,2.0,2023,480,6.980714121206479,-10.599999999999985,43.125,2.2088937691161252,-10.599999999999998,-19.966517217989967,30.0,24.583333333333332,17.291666666666668,7.916666666666666,23.75,16.875,7.916666666666666,15.075142755068516,-10.044177017553242
SL10_A30_T20_H60,2.0,2024,490,-0.4082643558555059,-10.599999999999998,28.367346938775512,0.946184378402848,-10.62053746406103,-17.207142857142856,17.0,13.061224489795919,9.183673469387756,3.4693877551020407,12.857142857142856,8.979591836734693,3.4693877551020407,10.915931126678602,-10.623122548509162
SL10_A30_T20_H60,2.0,2025,480,6.8898630545386546,-10.599999999999998,40.625,2.0548858839250186,-11.614045403431755,-19.395620437956207,21.0,24.583333333333332,18.333333333333332,7.916666666666666,24.375,17.916666666666668,7.708333333333334,15.757882882882878,-10.353758317311385
SL10_A30_T20_H60,2.0,2026,240,2.2750005728039793,-10.599999999999998,33.75,1.3086888473217884,-11.529327113786001,-19.482471606231524,8.0,15.416666666666668,10.0,6.25,15.416666666666668,10.0,6.25,13.871282695824316,-10.808291228837458
NS_A30_T20_H60,3.0,2021,480,11.44887694913236,5.969696669581282,57.49999999999999,2.2744938908367573,-29.9158488616894,-61.39059726569,60.0,29.166666666666668,21.666666666666668,12.083333333333334,28.749999999999996,21.666666666666668,11.25,28.822055137844615,-16.23969701473169
NS_A30_T20_H60,3.0,2022,490,-1.5968628576071,-8.715047254168722,38.163265306122454,0.8677163676758413,-30.806471178406987,-61.38055382634832,60.0,17.959183673469386,12.448979591836734,6.122448979591836,17.551020408163264,12.244897959183673,5.714285714285714,13.323013415892671,-19.216058020461862
NS_A30_T20_H60,3.0,2023,480,9.419065759025042,4.299769974842916,57.08333333333333,2.55627086791961,-21.070649233388405,-40.848449100470695,60.0,29.791666666666668,20.833333333333336,8.541666666666666,28.958333333333336,20.416666666666668,8.541666666666666,22.588025566664484,-10.46414677821873
NS_A30_T20_H60,3.0,2024,490,-0.8073908709997392,-5.690702034352445,41.63265306122449,0.9220155577689578,-28.270219784035273,-49.33417333132137,60.0,17.551020408163264,12.040816326530612,4.489795918367347,17.142857142857142,11.63265306122449,4.489795918367347,17.479268790849677,-17.718955759614897
NS_A30_T20_H60,3.0,2025,480,12.89900398734507,8.007187876689759,61.875,2.8897243116593656,-25.782945175059748,-44.51691634821869,60.0,35.41666666666667,26.25,12.708333333333332,35.208333333333336,25.208333333333332,12.5,29.9115661203478,-12.841891207639765
NS_A30_T20_H60,3.0,2026,240,9.468442193017145,8.061231895714172,67.08333333333333,2.1156470900239697,-33.67851999642787,-58.20517799352751,43.0,28.333333333333332,17.916666666666668,11.666666666666666,28.333333333333332,17.916666666666668,11.25,35.194522564194465,-16.558380456590484
NS_A30_T20_H40,4.0,2021,480,10.915879310187927,4.131281137388976,54.79166666666667,2.3977597695230766,-25.044144122720166,-68.03951663245788,40.0,30.0,22.083333333333332,12.083333333333334,28.958333333333336,22.083333333333332,11.041666666666666,23.866005252090627,-14.16654060288095
NS_A30_T20_H40,4.0,2022,490,-0.19934569542078606,-4.122875302496242,40.816326530612244,0.9776836518142313,-26.267462442016623,-59.729192729048854,40.0,15.306122448979592,9.183673469387756,4.6938775510204085,14.897959183673471,8.775510204081632,4.489795918367347,11.291588043416988,-15.838746360731747
NS_A30_T20_H40,4.0,2023,480,7.192123285386943,1.1275331185105602,53.125,2.3668847112528164,-17.15058692487768,-38.177639751552796,40.0,25.208333333333332,15.625,5.0,24.791666666666668,15.0,5.0,17.31506993984071,-9.51768854556224
NS_A30_T20_H40,4.0,2024,490,-0.23787038828865187,-4.3699422201453615,43.46938775510204,0.9714369731609023,-22.288456793248255,-39.742859322684154,40.0,14.897959183673471,8.979591836734693,3.2653061224489797,14.69387755102041,8.979591836734693,3.2653061224489797,14.67556967995366,-14.459642295670267
NS_A30_T20_H40,4.0,2025,480,8.494367028936255,4.017639410916486,56.25,2.1316348019587186,-25.24385689672739,-51.76278863456066,40.0,30.208333333333332,20.208333333333332,9.583333333333334,29.375,19.791666666666664,9.166666666666666,23.155863093001827,-12.049636668812152
NS_A30_T20_H40,4.0,2026,240,8.573168139333553,6.879008264462806,62.916666666666664,1.9986476101179798,-31.042151492349642,-54.429557713052866,40.0,28.333333333333332,17.083333333333332,10.833333333333334,27.916666666666668,15.833333333333332,10.416666666666668,32.872381214876114,-15.848822233324189
NS_A40_T20_H40,5.0,2021,480,11.197423809133229,0.6215409896588758,51.041666666666664,2.3669203386765316,-25.24214399565712,-68.03951663245788,40.0,31.458333333333332,23.333333333333332,12.916666666666668,30.416666666666664,23.333333333333332,11.875,23.866005252090627,-15.080476099191586
NS_A40_T20_H40,5.0,2022,490,-0.11513996640127892,-4.594977663087212,38.775510204081634,0.987310404789602,-26.267462442016623,-59.729192729048854,40.0,16.122448979591837,9.795918367346939,4.8979591836734695,15.714285714285714,9.387755102040817,4.6938775510204085,11.291588043416988,-15.888176246304075
NS_A40_T20_H40,5.0,2023,480,7.399817505654223,0.5442659849155601,52.29166666666667,2.3930843252065346,-17.15058692487768,-38.177639751552796,40.0,26.041666666666668,16.041666666666668,5.416666666666667,25.624999999999996,15.416666666666668,5.416666666666667,17.31506993984071,-9.617592031435523
NS_A40_T20_H40,5.0,2024,490,-0.11635716566737378,-4.62823414871608,42.244897959183675,0.9861562664429863,-22.288456793248255,-39.742859322684154,40.0,15.918367346938775,9.387755102040817,3.2653061224489797,15.714285714285714,9.387755102040817,3.2653061224489797,14.67556967995366,-14.617296331990499
NS_A40_T20_H40,5.0,2025,480,9.358399815481642,3.9234798743777564,55.00000000000001,2.2312442183623866,-25.24385689672739,-51.76278863456066,40.0,32.708333333333336,21.666666666666668,10.208333333333334,31.874999999999996,21.25,9.791666666666666,23.155863093001827,-12.17743762745147
NS_A40_T20_H40,5.0,2026,240,10.63606163482987,7.412738853503187,57.91666666666667,2.15922729866675,-31.11449633862664,-54.429557713052866,40.0,34.583333333333336,20.833333333333336,13.333333333333334,34.166666666666664,19.583333333333332,12.916666666666668,34.15652173913044,-16.96417430147084
HOLD_40,6.0,2021,480,10.559592542645023,-1.2474156207427196,47.91666666666667,2.250059139855109,-25.27340300837594,-68.03951663245788,40.0,27.708333333333336,21.875,11.875,27.083333333333332,21.666666666666668,11.458333333333332,23.866005252090627,-15.615968645409167
HOLD_40,6.0,2022,490,0.6774688055324307,-4.668719752068827,38.36734693877551,1.074337940885232,-26.267462442016623,-59.729192729048854,40.0,17.346938775510203,11.428571428571429,5.714285714285714,17.346938775510203,11.224489795918368,5.714285714285714,11.291588043416988,-15.93878459745488
HOLD_40,6.0,2023,480,7.589417261143705,0.3536215672213078,51.87500000000001,2.423895574517472,-17.15058692487768,-38.177639751552796,40.0,25.624999999999996,16.25,6.666666666666667,25.208333333333332,15.833333333333332,6.666666666666667,17.31506993984071,-9.682499926861805
HOLD_40,6.0,2024,490,-0.35938225904356325,-4.870188129000884,41.0204081632653,0.957768267441867,-22.288456793248255,-39.742859322684154,40.0,15.10204081632653,9.591836734693878,3.6734693877551026,15.10204081632653,9.387755102040817,3.4693877551020407,14.67556967995366,-14.766134371047457
HOLD_40,6.0,2025,480,10.127086049739583,3.2381517851036494,54.79166666666667,2.331890460069588,-25.24385689672739,-51.76278863456066,40.0,32.29166666666667,23.125,12.708333333333332,31.666666666666664,22.5,12.291666666666666,23.155863093001827,-12.17743762745147
HOLD_40,6.0,2026,240,12.642900966649126,4.062753621804705,53.75,2.273479454131648,-32.000258313161765,-54.429557713052866,40.0,35.41666666666667,26.666666666666668,15.0,35.0,25.0,15.0,34.15652173913044,-18.653050991997752
HOLD_60,7.0,2021,480,12.349916922501807,-4.265748743994279,46.041666666666664,2.172531967226368,-30.355804953560376,-61.39059726569,60.0,26.25,19.375,11.666666666666666,26.041666666666668,18.958333333333332,11.666666666666666,28.822055137844615,-19.029262631242432
NS_A40_T20_H60,7.0,2021,480,11.16313244032324,0.6914009381852831,51.041666666666664,2.131012843327812,-30.10822266756371,-61.39059726569,60.0,31.041666666666668,23.125,13.125,30.625000000000004,22.916666666666664,12.291666666666666,28.822055137844615,-18.50973480531961
HOLD_60,7.0,2022,490,0.47300287720916745,-9.347025037123878,35.30612244897959,1.0380412119189164,-31.806490675317225,-61.38055382634832,60.0,20.408163265306122,15.918367346938775,9.183673469387756,20.20408163265306,15.918367346938775,8.979591836734693,13.323013415892671,-19.876477368843926
NS_A40_T20_H60,7.0,2022,490,-1.4825480012903738,-9.251806310562948,35.91836734693877,0.8798840740923838,-30.806471178406987,-61.38055382634832,60.0,19.183673469387756,13.061224489795919,6.530612244897959,18.775510204081634,12.857142857142856,6.122448979591836,13.323013415892671,-19.68234998502944
HOLD_60,7.0,2023,480,10.27118705325814,3.1865375468694728,55.00000000000001,2.617389841169153,-21.236784093565714,-40.848449100470695,60.0,31.25,21.458333333333332,10.625,30.625000000000004,21.041666666666668,10.208333333333334,22.588025566664484,-10.864075409218081
NS_A40_T20_H60,7.0,2023,480,9.739029003804639,3.7341314888455828,55.208333333333336,2.548707622035302,-21.236784093565714,-40.848449100470695,60.0,31.25,21.875,9.375,30.416666666666664,21.458333333333332,9.375,22.588025566664484,-10.798323857979153
HOLD_60,7.0,2024,490,-0.9725706906673427,-7.206693142228936,36.734693877551024,0.9094559569733703,-28.270219784035273,-49.33417333132137,60.0,17.346938775510203,12.040816326530612,5.918367346938775,16.93877551020408,11.63265306122449,5.918367346938775,17.479268790849677,-18.131732847058473
NS_A40_T20_H60,7.0,2024,490,-0.8442940654686226,-6.60528918807528,38.775510204081634,0.9202854304268426,-28.270219784035273,-49.33417333132137,60.0,18.775510204081634,12.448979591836734,4.6938775510204085,18.16326530612245,12.040816326530612,4.6938775510204085,17.479268790849677,-18.026325578181723
HOLD_60,7.0,2025,480,17.95184307925695,7.0517416706015315,57.91666666666667,3.5019297235323545,-25.782945175059748,-44.51691634821869,60.0,35.833333333333336,31.666666666666664,18.541666666666668,35.833333333333336,30.625000000000004,18.333333333333332,29.9115661203478,-13.316916082777496
NS_A40_T20_H60,7.0,2025,480,14.558118240044111,11.314893133797199,59.583333333333336,3.0661515928123517,-25.782945175059748,-44.51691634821869,60.0,38.125,28.749999999999996,14.583333333333334,37.916666666666664,27.708333333333336,14.374999999999998,29.9115661203478,-13.157237423745816
HOLD_60,7.0,2026,240,14.018189221632001,5.267011463452321,55.00000000000001,2.3391683216411905,-37.224462143009454,-58.20517799352751,60.0,36.666666666666664,29.166666666666668,18.75,36.25,28.333333333333332,18.75,41.391309631900064,-21.258482428942628
NS_A40_T20_H60,7.0,2026,240,11.281223334766885,13.345731693193553,61.25000000000001,2.1949491694807413,-35.57878659364698,-58.20517799352751,60.0,35.833333333333336,22.083333333333332,13.750000000000002,35.41666666666667,21.666666666666668,13.333333333333334,40.419919682050505,-18.365248406839324
SL15_HOLD60,9.0,2021,480,8.209807135865443,-15.600000000000001,32.5,1.8089763349427852,-15.63304050509458,-23.757893021457555,37.0,20.416666666666668,14.374999999999998,8.75,20.208333333333332,14.166666666666666,8.75,18.972954402305653,-15.524758562265422
SL15_HOLD60,9.0,2022,490,-0.6511407526614499,-15.600000000000001,26.122448979591837,0.9402225365315307,-15.961254972468895,-20.993120393120392,34.0,15.510204081632653,12.040816326530612,7.551020408163265,15.510204081632653,12.040816326530612,7.551020408163265,10.32308029990665,-15.613716442740232
SL15_HOLD60,9.0,2023,480,9.129338244035033,-1.1565574766063398,49.375,2.378466215516518,-15.600000000000001,-19.966517217989967,60.0,29.583333333333332,20.208333333333332,10.625,28.958333333333336,19.791666666666664,10.208333333333334,20.768201389163266,-10.864075409218081
SL15_HOLD60,9.0,2024,490,-1.9345673244650712,-15.600000000000001,28.367346938775512,0.8077046045332484,-15.600000000000014,-22.13846153846154,41.5,14.489795918367346,10.0,5.1020408163265305,14.285714285714285,9.795918367346939,5.1020408163265305,13.386270957986179,-15.31307516062021
SL15_HOLD60,9.0,2025,480,14.331030501116153,-4.019115407652679,47.083333333333336,2.8294252065706313,-17.016273196352753,-23.725996528808057,60.0,31.041666666666668,27.916666666666668,17.083333333333332,31.041666666666668,27.291666666666664,16.875,23.13133352306351,-13.316916082777496
SL15_HOLD60,9.0,2026,240,8.317479773087406,-15.600000000000001,34.583333333333336,1.7989046243316311,-17.495753698919547,-22.380824008053303,23.0,25.0,21.25,14.583333333333334,24.583333333333332,20.833333333333336,14.583333333333334,23.893257608853943,-15.530731561591608
SL10_A40_T20_H40,10.0,2021,480,6.460844842870127,-10.599999999999998,32.916666666666664,1.9072192012983165,-10.600000000000009,-18.889478182853516,13.0,22.083333333333332,16.041666666666668,8.333333333333332,21.25,16.041666666666668,7.916666666666666,11.563952486441865,-10.681686254207062
SL10_A40_T20_H40,10.0,2022,490,-1.4178875527735355,-10.599999999999998,25.102040816326532,0.8170572943631876,-10.661820073792157,-16.54770842907476,16.0,11.428571428571429,6.938775510204081,3.4693877551020407,11.020408163265307,6.938775510204081,3.2653061224489797,7.024396210415096,-10.633091950513268
SL10_A40_T20_H40,10.0,2023,480,5.830876862889648,-5.1085439461119595,43.125,2.070849672254899,-10.599999999999998,-15.600000000000001,33.0,22.708333333333332,15.0,5.416666666666667,22.291666666666668,14.374999999999998,5.416666666666667,12.930777773944646,-9.617592031435523
SL10_A40_T20_H40,10.0,2024,490,-0.3080581070185914,-10.599999999999998,30.20408163265306,0.9568836713451948,-10.600000000000009,-17.207142857142856,17.0,13.26530612244898,8.36734693877551,2.857142857142857,13.061224489795919,8.36734693877551,2.857142857142857,10.880810714126977,-10.533428561175544
SL10_A40_T20_H40,10.0,2025,480,6.355417413868696,-10.59999999999999,39.166666666666664,1.977163059900957,-11.538530888228658,-19.395620437956207,23.0,24.583333333333332,16.458333333333332,7.916666666666666,24.166666666666668,16.041666666666668,7.916666666666666,14.979794052777486,-10.286964511027364
SL10_A40_T20_H40,10.0,2026,240,4.054509478240332,-10.599999999999998,30.416666666666664,1.5272153347023247,-11.735986209257124,-19.482471606231524,8.0,20.0,12.5,8.333333333333332,20.0,11.666666666666666,8.333333333333332,13.871282695824316,-10.861176506794207
