strategy_id,開發期排名,開發期PF,OOS PF,PF OOS/開發,開發期平均淨報酬,OOS平均淨報酬,OOS報酬差,PF>1年份數,年度樣本數,年度穩定率,OOS仍有效
SL10_HOLD60,1.0,1.42126464608916,2.213700703752717,1.557557003788192,3.2619754412064785,8.998760953573605,5.736785512367126,4,6,66.66666666666666,True
SL10_A30_T20_H60,2.0,1.389013600234764,1.787513753606993,1.2868943495620753,2.8032130311891756,5.377281403359498,2.574068372170322,4,6,66.66666666666666,True
HOLD_40,3.0,1.5900299551770558,2.3197416325291607,1.4589295157466695,4.6341678816878105,11.07562549618633,6.441457614498519,5,6,83.33333333333334,True
NS_A30_T20_H60,4.0,1.4862056599541085,2.59798085746635,1.7480628202873156,4.568022607863468,11.807148065947827,7.2391254580843585,4,6,66.66666666666666,True
NS_A40_T20_H40,4.0,1.589523064414728,2.2033743011676297,1.386185800316729,4.568735027134253,9.794881741083081,5.226146713948828,4,6,66.66666666666666,True
NS_A30_T20_H40,6.0,1.5793099533067663,2.082679192019675,1.318727326234443,4.395726330471354,8.531228718220717,4.135502387749363,4,6,66.66666666666666,True
HOLD_60,7.0,1.5512988401638421,3.0265388724782656,1.9509708858923753,5.536152062225293,16.776676184497855,11.240524122272562,5,6,83.33333333333334,True
NS_A40_T20_H60,8.0,1.468898355667693,2.7212078289931907,1.8525501226776553,4.59604152929196,13.517484614997102,8.921443085705143,4,6,66.66666666666666,True
SL15_HOLD60,9.0,1.3901367074867417,2.439873833293367,1.7551322975309875,3.687744132305075,12.49878894256669,8.811044810261617,4,6,66.66666666666666,True
SL10_A40_T20_H40,10.0,1.3809530261517695,1.8116772480700003,1.3119036011807785,2.617550409952244,5.6141539447249755,2.9966035347727313,4,6,66.66666666666666,True
SL10_A40_T20_H60,11.0,1.363428823209206,1.9710369296370482,1.445647103893307,2.7287892145250288,6.867320241646472,4.138531027121443,0,0,,True
NS_A40_T15_H40,12.0,1.5198277232373205,2.062086458140006,1.3567896062243443,4.028604257557973,8.644867391794172,4.616263134236199,0,0,,True
NS_A30_T15_H60,13.0,1.422416390004493,2.5036853339390874,1.7601634454810935,3.968047477425505,11.099345738680709,7.131298261255204,0,0,,True
SL10_A30_T20_H40,13.0,1.3842581604310997,1.6799442716797774,1.2136061897273498,2.576648452427824,4.574466810200934,1.99781835777311,0,0,,True
NS_A30_T15_H40,15.0,1.5137125771827467,1.9485007642241363,1.2872329883461746,3.8979822268317332,7.466953573342095,3.5689713465103616,0,0,,True
NS_A40_T15_H60,16.0,1.4041261085335335,2.6204594296547548,1.8662564663736345,3.9611577977202166,12.726258294094585,8.765100496374368,0,0,,True
SL10_HOLD40,17.0,1.3544055848005592,1.9604770761136188,1.4474815358962845,2.4906743525806894,6.771147547048349,4.2804731944676595,0,0,,True
NS_A40_T10_H40,18.0,1.4125692560497733,2.0156772013418016,1.426958142200128,3.1973636402244026,8.267118605245473,5.069754965021071,0,0,,True
SL10_A30_T15_H60,19.0,1.35531569720586,1.6970671858920958,1.2521563716784185,2.560387585401764,4.759696447740135,2.1993088623383708,0,0,,True
SL10_A30_T15_H40,20.0,1.3561867468578797,1.5711967090439736,1.1585400850467282,2.3884151973168573,3.8428449160436835,1.4544297187268262,0,0,,True
SL15_A30_T20_H40,21.0,1.3419806109365129,1.8297357264975187,1.36345913762541,2.693805529354981,6.404800461355129,3.710994932000148,0,0,,True
SL15_A30_T20_H60,22.0,1.335726288962196,2.0105750642781643,1.5052298370501476,2.9376380881303508,7.950088587515316,5.012450499384966,0,0,,True
SL18_A30_T20_H40,23.0,1.346671009251589,1.8181456078160012,1.3501037709473183,2.8345482352127322,6.648324760130445,3.813776524917713,0,0,,True
SL10_A40_T15_H40,24.0,1.3402437505492022,1.7028201475325249,1.2705301903737636,2.33783460845627,4.861218560806114,2.523383952349844,0,0,,True
SL15_A40_T20_H40,25.0,1.32990186659694,1.9613171619077383,1.474783373999252,2.6741124822900058,7.638246799802765,4.964134317512759,0,0,,True
SL18_A30_T20_H60,25.0,1.3228561485449746,1.9762711427711392,1.4939425915243043,3.0095353762252737,8.181757311006123,5.17222193478085,0,0,,True
SL18_HOLD60,27.0,1.3758277929486091,2.3778749858729222,1.7283231215854222,3.777274569672614,12.862070637487363,9.08479606781475,0,0,,True
SL10_TP50_H40,28.0,1.3042103947187667,1.7720426513210272,1.35870919178124,2.117984635237101,5.388036584686273,3.270051949449172,0,0,,True
SL18_A40_T20_H40,29.0,1.330804288933587,1.9326424402157727,1.4522364079277628,2.791178358975492,7.8336675877890105,5.042489228813519,0,0,,True
SL18_HOLD40,30.0,1.3276122197413924,2.033782919224718,1.5319103643237644,2.8007811135793994,8.99595149694422,6.195170383364822,0,0,,True
SL15_HOLD40,31.0,1.3171852829856276,2.084831248526124,1.5827926985340244,2.616288895305301,8.87858549015182,6.26229659484652,0,0,,True
SL15_A40_T20_H60,32.0,1.2981156575490163,2.1811228565248695,1.6802222851568303,2.7432760131203966,9.660773685578235,6.917497672457838,0,0,,True
SL10_A40_T15_H60,33.0,1.310169847663379,1.8902726650256845,1.4427691710329689,2.3288965566924222,6.296143129593052,3.9672465729006294,0,0,,True
SL15_A30_T15_H40,34.0,1.3078381134465735,1.6836630241956847,1.2873634793825453,2.4248626548670993,5.2736516899514845,2.848789035084385,0,0,,True
SL10_TP50_H60,35.0,1.2676139380721738,1.9497111459013263,1.5380953832572297,2.042661097908061,6.840617888323313,4.797956790415252,0,0,,True
SL15_A40_T15_H40,36.0,1.2884474778772486,1.819064195977462,1.4118264246008838,2.3380922606873638,6.507960870419068,4.169868609731704,0,0,,True
SL18_A30_T15_H60,37.0,1.2860355489591677,1.8969473525294185,1.4750349273507115,2.666308531927233,7.512250116032957,4.8459415841057245,0,0,,True
SL15_A30_T15_H60,38.0,1.2983631601714938,1.8976142920816779,1.4615435421250187,2.6107070319816765,7.056709801373975,4.446002769392298,0,0,,True
SL18_A30_T15_H40,39.0,1.3107707535472652,1.686566016437542,1.2866979308725672,2.5410105475068487,5.575480689505017,3.0344701419981686,0,0,,True
SL18_A40_T20_H60,40.0,1.284546970138667,2.1145641645129842,1.6461555814379578,2.79316367712215,9.808120844732791,7.014957167610641,0,0,,True
NS_A30_T10_H40,41.0,1.344982435004751,1.8371529683992565,1.365930825998309,2.6176805084125494,6.590381984495297,3.9727014760827473,0,0,,True
SL15_TP50_H40,42.0,1.2667867993985056,1.8697603025594423,1.4759865696794756,2.185868563021814,7.028068033153809,4.842199470131995,0,0,,True
SL10_A40_T10_H40,43.0,1.2337984837061926,1.6551179330315686,1.3414815749001243,1.6064429860377294,4.531275130274517,2.924832144236788,0,0,,True
SL18_A40_T15_H40,44.0,1.2897048860218072,1.8013919471586877,1.396747400651647,2.444400013555656,6.731237879459698,4.286837865904042,0,0,,True
SL18_TP50_H40,45.0,1.2733240051723567,1.849924694991105,1.4528310842146575,2.3271788981847465,7.276918634370151,4.949739736185405,0,0,,True
NS_A40_T10_H60,46.0,1.2700664563783606,2.5079792682264483,1.9746834944196856,2.647133721371636,11.84289672323251,9.195763001860874,0,0,,True
SL15_TP50_H60,47.0,1.2301175314005666,2.084617777729313,1.6946492709162873,2.150063169738707,9.132859939807648,6.9827967700689415,0,0,,True
HOLD_20,48.0,1.3262130084286774,2.0097539986465205,1.5154081477663348,1.9810778912373834,6.520936768358597,4.539858877121214,0,0,,True
SL15_A40_T15_H60,49.0,1.2518060034113228,2.078755089738584,1.6606048254072314,2.3171321318620026,8.823475666869092,6.506343535007089,0,0,,True
SL10_A40_T10_H60,50.0,1.1769823562620212,1.8062276547973108,1.5346259399620144,1.3288641794132645,5.701764087627647,4.372899908214382,0,0,,True
SL15_A40_T10_H40,51.0,1.1893193378022242,1.775734715173444,1.4930680589578849,1.5345812061570836,6.163681915249254,4.62910070909217,0,0,,True
SL10_A30_T10_H40,52.0,1.191142543104237,1.4522923394486593,1.2192431106220416,1.2817089878588583,3.0428909860577935,1.7611819981989352,0,0,,True
SL18_A40_T15_H60,53.0,1.2403371925802513,2.037079760174953,1.6423596521662407,2.3591926361033697,9.126261131737602,6.767068495634232,0,0,,True
SL10_HOLD20,54.0,1.147603510352206,1.6647637917263431,1.4506436907076188,0.8754000894247984,4.087056959625178,3.21165687020038,0,0,,True
SL18_A40_T10_H40,55.0,1.193356101897107,1.7597373593828083,1.4746121099857044,1.6314521463154747,6.381362964838477,4.749910818523002,0,0,,True
SL10_A30_T10_H60,56.0,1.1752415626031825,1.551918438777214,1.3205101726828696,1.2627821536284056,3.7685954606057646,2.505813306977359,0,0,,True
SL15_HOLD20,57.0,1.1845927272887733,1.7786071694423116,1.5014503537541413,1.1881484385672076,5.208908180384442,4.020759741817234,0,0,,True
SL18_TP50_H60,58.0,1.2257588433946816,2.061371145455021,1.681710196555589,2.2480924084068166,9.604315084219877,7.35622267581306,0,0,,True
NS_A30_T10_H60,59.0,1.243594088242851,2.307780858907565,1.8557348259578554,2.288246692694688,9.653290868654496,7.365044175959808,0,0,,True
SL15_A40_T10_H60,60.0,1.137232675370417,1.9837170165030786,1.7443369852672819,1.2628223208910263,8.046129506840488,6.783307185949462,0,0,,True
SL15_A30_T10_H40,61.0,1.1618202409383094,1.5782494471114568,1.3584282589506538,1.2746695159337504,4.460510611292019,3.1858410953582688,0,0,,True
SL18_HOLD20,62.0,1.2036748160936273,1.7740992784802068,1.4739024649845374,1.3201557384522555,5.319537321750835,3.9993815832985797,0,0,,True
SL18_A30_T10_H40,63.0,1.1680978012782652,1.5738232915501071,1.3473386302310055,1.374448146053802,4.659917043122215,3.285468897068413,0,0,,True
SL15_A30_T10_H60,64.0,1.148425259770065,1.7447447360086215,1.5192497040320674,1.2987356387520848,5.854906193534066,4.556170554781981,0,0,,True
SL18_A30_T10_H60,65.0,1.1384140894623376,1.7397511502504017,1.528223487704786,1.2902405628086928,6.195676534004628,4.905435971195935,0,0,,True
SL18_A40_T10_H60,66.0,1.1281399048195275,1.9463532794871463,1.7252765115143331,1.257844100597425,8.327871667285226,7.070027566687801,0,0,,True
