群組,市場Regime,樣本數,訊號日數,40日+20%命中率,40日+30%命中率,40日+50%命中率,40日MFE中位數,40日MAE中位數,40日報酬中位數,國內分數中位數,全球分數中位數,Regime分數中位數
Top 5,中性偏多,65,13,50.76923076923077,30.76923076923077,15.384615384615385,20.833333333333325,-13.0,1.7400252105814529,60.0,70.0,63.5
Top 5,中性偏空,355,71,47.04225352112676,34.92957746478873,21.971830985915496,17.48251748251748,-11.330555345390325,1.4897564724294377,35.0,30.0,35.875
Top 5,偏空逆風,720,144,42.5,30.97222222222222,17.083333333333332,14.540396710208025,-11.850843817080436,1.2252580291675863,0.0,15.0,10.5
Top 5,震盪中性,190,38,41.05263157894737,29.47368421052631,13.157894736842104,15.212762585841432,-13.79624589605325,-3.7846218158041123,60.0,55.0,49.5
Top 10,中性偏多,130,13,50.0,30.76923076923077,18.461538461538463,20.09588175176222,-10.754293289813338,1.5837142443161478,60.0,70.0,63.5
Top 10,中性偏空,710,71,43.802816901408455,32.67605633802817,18.732394366197184,16.270773265870176,-11.547055549045199,0.4212005658234319,35.0,30.0,35.875
Top 10,偏多順風,40,4,52.5,37.5,20.0,23.177862614261624,-14.14908178383737,-4.863642930377476,100.0,30.0,75.5
Top 10,偏空逆風,1440,144,40.06944444444444,29.097222222222225,15.0,13.929098134367813,-11.288339526172114,1.2223934257832636,0.0,15.0,10.5
Top 10,震盪中性,380,38,40.0,27.105263157894736,12.894736842105264,13.101586401467037,-13.480725623582762,-4.063806801914438,60.0,55.0,49.5
Top 20,中性偏多,260,13,44.61538461538462,27.307692307692307,14.615384615384617,17.179921536323405,-11.069201750093649,-0.3393656469256101,60.0,70.0,63.5
Top 20,中性偏空,1420,71,38.943661971830984,26.69014084507042,15.070422535211266,13.340395480225986,-11.68066098771705,-1.471425444884772,35.0,30.0,35.875
Top 20,偏多順風,80,4,46.25,35.0,17.5,15.35111668078616,-14.043069680625486,-7.0479408909093095,100.0,30.0,75.5
Top 20,偏空逆風,2880,144,37.53472222222222,26.180555555555557,13.125,13.128570871265987,-10.893485321215469,0.9411832771043183,0.0,15.0,10.5
Top 20,震盪中性,760,38,37.10526315789473,23.55263157894737,12.105263157894736,12.530507757753506,-11.894410052561504,-3.4465542931361948,60.0,55.0,49.5
