群組,策略,交易數,平均淨報酬,中位數淨報酬,勝率,Profit Factor,中位持有天數,最大單筆虧損,10分位淨報酬,+20%實現率,+30%實現率,+50%實現率,MFE捕捉率中位數
Top 5,HOLD40,1350,7.377059630626689,-0.20945251019441835,49.7037037037037,1.9151310572570495,40.0,-68.03951663245788,-24.81702753955153,26.0,18.444444444444443,9.703703703703702,0.42741935483872895
Top 5,SL10_TP50,1350,3.8769464820073067,-10.599999999999998,34.2962962962963,1.562050789259113,14.0,-19.482471606231545,-10.764969516502383,22.14814814814815,18.14814814814815,0.0,-84.03884384273258
Top 5,SL12_TP50,1350,3.7934687775532243,-12.6,37.629629629629626,1.5038764726242053,18.0,-21.03343229107062,-12.60202136037739,23.333333333333332,18.814814814814813,0.0,-70.68292682926825
Top 5,SL8_TP50,1350,2.943546785118269,-8.599999999999996,28.370370370370367,1.4703135952133302,9.0,-17.231582159745063,-8.600000277432535,18.88888888888889,15.777777777777777,0.0,-95.51933823327154
Top 5,TP15_TRAIL8,1350,-0.5109261625182303,-8.599999999999996,38.2962962962963,0.9054945351803542,6.0,-17.231582159745063,-8.600000000000007,6.074074074074074,1.7037037037037037,0.14814814814814814,-95.51933823327154
Top 5,TP30_TRAIL10,1350,2.221911344923618,-10.599999999999998,36.592592592592595,1.3338830781284552,12.0,-19.482471606231545,-10.603460203951325,21.40740740740741,9.11111111111111,1.8518518518518516,-84.03884384273258
Top 10,HOLD40,2700,6.706963194143039,-0.6,48.74074074074074,1.8545470115326088,40.0,-68.03951663245788,-23.85668624771177,24.814814814814813,17.22222222222222,8.666666666666668,-2.3645687574790006
Top 10,SL10_TP50,2700,3.1514545846794735,-10.599999999999998,33.81481481481482,1.4561511645883947,16.0,-19.482471606231545,-10.75625,20.703703703703706,16.59259259259259,0.0,-80.72179304229059
Top 10,SL12_TP50,2700,3.3883611370102575,-12.599999999999989,37.51851851851852,1.4551115241622812,21.0,-21.143478260869564,-12.62657599005475,22.407407407407405,17.666666666666668,0.0,-70.78670108451905
Top 10,SL8_TP50,2700,2.550575169024062,-8.599999999999996,28.59259259259259,1.4110681507469467,11.0,-17.712299465240644,-8.600000000000007,17.925925925925927,14.518518518518519,0.0,-87.75730691168067
Top 10,TP15_TRAIL8,2700,-0.459609694608648,-8.599999999999996,39.22222222222223,0.9136439252032458,6.0,-17.712299465240644,-8.600000000000007,5.7407407407407405,1.7777777777777777,0.14814814814814814,-87.75730691168067
Top 10,TP30_TRAIL10,2700,1.8750344008418216,-10.599999999999998,36.22222222222222,1.280578872258849,13.0,-19.482471606231545,-10.634813470144287,20.074074074074076,9.074074074074074,1.8148148148148149,-80.72179304229059
Top 20,HOLD40,5400,5.580680792755608,-1.534479182158593,47.18518518518518,1.7427253760389336,40.0,-68.03951663245788,-22.572872755659645,21.796296296296298,14.944444444444443,7.555555555555555,-8.881985667555703
Top 20,SL10_TP50,5400,2.1850994938767925,-10.599999999999998,33.31481481481482,1.31831812001717,18.0,-43.71926581423927,-10.633560653607164,17.98148148148148,14.296296296296296,0.0,-80.716437930289
Top 20,SL12_TP50,5400,2.42115515183817,-12.599999999999989,36.94444444444444,1.328244643142804,24.0,-43.71926581423927,-12.60000000000001,19.51851851851852,15.314814814814815,0.0,-68.3526315789474
Top 20,SL8_TP50,5400,1.7909819570757335,-8.599999999999996,28.333333333333332,1.2896787102215985,13.0,-43.71926581423927,-8.600000000000007,15.851851851851853,12.685185185185185,0.0,-89.7531940298507
Top 20,TP15_TRAIL8,5400,-0.5844179499974433,-8.599999999999996,38.96296296296296,0.8899480125166692,7.0,-17.712299465240644,-8.600000000000007,5.296296296296296,1.5185185185185186,0.16666666666666669,-89.70406456307745
Top 20,TP30_TRAIL10,5400,1.2699043488386204,-10.599999999999998,35.5,1.190692130837434,15.0,-43.71926581423927,-10.600000000000009,17.944444444444443,8.314814814814815,1.7037037037037037,-80.716437930289
