期間,啟動門檻,Trailing幅度,最長持有日,交易數,平均淨報酬,中位數淨報酬,勝率,Profit Factor,10分位淨報酬,最大單筆虧損,中位持有天數,毛+20%實現率,毛+30%實現率,毛+50%實現率,淨+20%實現率,淨+30%實現率,淨+50%實現率,MFE中位數,MAE中位數
OOS期,30.0,10.0,40,720,6.687373400206582,12.342040141221068,58.75,1.8487552340846047,-28.46014923719404,-54.429557713052866,40.0,35.0,15.694444444444445,4.027777777777778,33.611111111111114,15.277777777777779,4.027777777777778,26.69211221862441,-12.992123175675452
OOS期,30.0,10.0,60,720,9.747104203188714,17.1661352362257,63.888888888888886,2.3220181821526453,-27.224828667166626,-58.20517799352751,56.0,41.25,19.86111111111111,4.861111111111112,40.416666666666664,19.305555555555557,4.861111111111112,30.879280551167945,-13.567424873782358
OOS期,30.0,15.0,40,720,7.604228565901821,10.008938041949067,58.75,1.9651216419716386,-28.46014923719404,-54.429557713052866,40.0,31.38888888888889,18.61111111111111,7.916666666666666,30.277777777777775,17.77777777777778,7.222222222222221,26.69211221862441,-12.992123175675452
OOS期,30.0,15.0,60,720,11.281443853537375,12.763173504854631,63.888888888888886,2.530123571514859,-27.224828667166626,-58.20517799352751,60.0,36.80555555555556,23.75,10.416666666666668,36.11111111111111,23.055555555555557,9.86111111111111,31.816262094537674,-13.567424873782358
OOS期,30.0,20.0,40,720,8.546669841011722,5.316193330664721,58.333333333333336,2.0837226078069966,-28.46014923719404,-54.429557713052866,40.0,29.72222222222222,19.305555555555557,10.277777777777777,28.749999999999996,18.61111111111111,9.86111111111111,26.69211221862441,-12.992123175675452
OOS期,30.0,20.0,60,720,11.841464959295243,7.99192379973719,63.47222222222222,2.6044778697791715,-27.224828667166626,-58.20517799352751,60.0,33.19444444444444,23.47222222222222,12.63888888888889,32.916666666666664,22.77777777777778,12.36111111111111,32.18811919687346,-13.567424873782358
OOS期,40.0,10.0,40,720,8.395734267519185,5.158219980590218,55.833333333333336,2.0306351006883605,-28.492768586769245,-54.429557713052866,40.0,40.833333333333336,26.38888888888889,5.833333333333333,40.13888888888889,25.13888888888889,5.833333333333333,26.69211221862441,-13.314066721612306
OOS期,40.0,10.0,60,720,11.864693724627083,15.419076788070928,59.86111111111111,2.505131837246296,-27.339240263012588,-58.20517799352751,60.0,48.05555555555556,33.88888888888889,7.777777777777778,48.05555555555556,32.5,7.777777777777778,33.602363183862536,-14.183374498183904
OOS期,40.0,15.0,40,720,8.7821423843539,5.158219980590218,55.833333333333336,2.0780693995490873,-28.492768586769245,-54.429557713052866,40.0,38.333333333333336,22.916666666666664,9.444444444444445,36.94444444444444,21.944444444444443,8.75,26.69211221862441,-13.314066721612306
OOS期,40.0,15.0,60,720,12.848865668210511,15.043136491962517,59.86111111111111,2.6299819648595606,-27.339240263012588,-58.20517799352751,60.0,44.861111111111114,28.888888888888886,12.63888888888889,43.75,27.916666666666668,12.083333333333334,33.602363183862536,-14.183374498183904
OOS期,40.0,20.0,40,720,9.810322863874088,5.05731833603379,55.833333333333336,2.2042857444536303,-28.492768586769245,-54.429557713052866,40.0,33.47222222222222,21.52777777777778,11.527777777777779,32.5,20.833333333333336,11.11111111111111,26.69211221862441,-13.314066721612306
OOS期,40.0,20.0,60,720,13.499332372542048,12.319799498746875,59.86111111111111,2.7124988985858742,-27.339240263012588,-58.20517799352751,60.0,37.5,26.52777777777778,14.583333333333334,37.083333333333336,25.694444444444443,14.305555555555555,33.602363183862536,-14.183374498183904
開發期,30.0,10.0,40,1940,2.5907120919521343,-0.9659625884572527,48.04123711340206,1.33995623288676,-22.510087766749844,-68.03951663245788,40.0,24.432989690721648,10.824742268041238,1.907216494845361,23.4020618556701,10.309278350515463,1.8556701030927836,15.480799870885232,-12.913609309047686
開發期,30.0,10.0,60,1940,2.284333145590476,-1.3382600673327023,48.29896907216495,1.2435802294840654,-27.904326744086806,-61.39059726569,60.0,28.91752577319588,13.195876288659795,2.731958762886598,27.52577319587629,12.525773195876289,2.6804123711340204,19.00826446280992,-15.67502936971253
開發期,30.0,15.0,40,1940,3.80311076215545,-0.9659625884572527,48.04123711340206,1.4990485866684056,-22.510087766749844,-68.03951663245788,40.0,21.95876288659794,12.835051546391751,4.690721649484536,21.288659793814432,12.474226804123711,4.536082474226804,15.480799870885232,-12.913609309047686
開發期,30.0,15.0,60,1940,3.9258242229881777,-1.3382600673327023,48.29896907216495,1.4186137065845457,-27.904326744086806,-61.39059726569,60.0,24.896907216494846,15.154639175257731,6.082474226804123,24.072164948453608,14.690721649484537,5.927835051546391,19.00826446280992,-15.67502936971253
開發期,30.0,20.0,40,1940,4.381324275325556,-0.9659625884572527,48.04123711340206,1.5749224316827364,-22.510087766749844,-68.03951663245788,40.0,21.237113402061855,13.814432989690722,6.185567010309279,20.721649484536083,13.556701030927835,5.876288659793814,15.480799870885232,-12.913609309047686
開發期,30.0,20.0,60,1940,4.5995323929039005,-1.3824439146647156,48.24742268041237,1.4903701444490258,-27.904326744086806,-61.39059726569,60.0,23.60824742268041,16.752577319587626,7.680412371134021,23.09278350515464,16.49484536082474,7.371134020618557,19.00826446280992,-15.67502936971253
開發期,40.0,10.0,40,1940,3.148963820520748,-2.1403103597845305,46.08247422680412,1.4046086464892853,-22.533135959795434,-68.03951663245788,40.0,25.412371134020617,16.082474226804123,3.350515463917526,25.20618556701031,15.051546391752577,3.2474226804123716,15.480799870885232,-13.318869384719289
開發期,40.0,10.0,60,1940,2.634659352881141,-3.47679661325837,44.84536082474227,1.269149130086264,-27.922668661200305,-61.39059726569,60.0,30.051546391752577,20.309278350515463,4.329896907216495,29.84536082474227,19.072164948453608,4.22680412371134,19.00826446280992,-16.46827674062566
開發期,40.0,15.0,40,1940,3.909019587831905,-2.1403103597845305,46.08247422680412,1.5022677981327894,-22.533135959795434,-68.03951663245788,40.0,24.22680412371134,14.38144329896907,5.309278350515464,23.505154639175256,13.8659793814433,5.154639175257731,15.480799870885232,-13.318869384719289
開發期,40.0,15.0,60,1940,3.8926424689009904,-3.47679661325837,44.84536082474227,1.3976610232726407,-27.922668661200305,-61.39059726569,60.0,28.45360824742268,17.371134020618555,7.010309278350515,27.52577319587629,16.649484536082472,6.855670103092784,19.00826446280992,-16.46827674062566
開發期,40.0,20.0,40,1940,4.554089402066128,-2.1403103597845305,46.08247422680412,1.5851524672825419,-22.533135959795434,-68.03951663245788,40.0,22.268041237113405,14.484536082474229,6.54639175257732,21.75257731958763,14.22680412371134,6.237113402061856,15.480799870885232,-13.318869384719289
開發期,40.0,20.0,60,1940,4.615160877509444,-3.47679661325837,44.84536082474227,1.4714714006694831,-27.922668661200305,-61.39059726569,60.0,25.051546391752577,17.628865979381445,8.298969072164947,24.484536082474225,17.31958762886598,7.989690721649484,19.00826446280992,-16.46827674062566
