strategy_id,max_hold,stop_pct,fixed_target_pct,trail_activate_pct,trail_pct,期間,交易數,平均淨報酬,中位數淨報酬,勝率,Profit Factor,10分位淨報酬,最大單筆虧損,中位持有天數,毛+20%實現率,毛+30%實現率,毛+50%實現率,淨+20%實現率,淨+30%實現率,淨+50%實現率,MFE中位數,MAE中位數,開發期綜合分數,開發期排名
SL10_A30_T20_H60,60,0.1,,0.3,0.2,OOS期,720,5.440631337817266,-10.599999999999998,38.19444444444444,1.7969464837833,-11.614045403431755,-19.482471606231524,14.0,21.52777777777778,15.694444444444445,7.638888888888889,21.38888888888889,15.416666666666668,7.5,14.611444529477325,-10.51699155303255,71.66666666666667,1.0
SL10_A30_T20_H60,60,0.1,,0.3,0.2,開發期,1940,2.7618647326483305,-10.599999999999998,32.11340206185567,1.3841358490666442,-10.600000000000009,-19.966517217989967,18.0,16.95876288659794,11.804123711340205,5.618556701030928,16.49484536082474,11.649484536082474,5.463917525773196,10.677975077640633,-10.555556261980975,71.66666666666667,1.0
SL10_HOLD60,60,0.1,,,,OOS期,720,8.997647423243542,-10.599999999999998,32.22222222222222,2.21123232680199,-11.656897793907588,-19.482471606231524,18.0,23.47222222222222,21.25,13.055555555555557,23.333333333333332,20.694444444444443,12.916666666666668,14.611444529477325,-10.761748322998871,71.51515151515152,2.0
SL10_HOLD60,60,0.1,,,,開發期,1940,3.1650874853858526,-10.599999999999998,26.75257731958763,1.4092570285386021,-10.79482590169049,-19.966517217989967,22.0,16.288659793814432,11.855670103092782,6.649484536082475,16.082474226804123,11.649484536082474,6.54639175257732,10.677975077640633,-10.696430792190025,71.51515151515152,2.0
NS_A30_T20_H60,60,,,0.3,0.2,OOS期,720,11.841464959295243,7.99192379973719,63.47222222222222,2.6044778697791715,-27.224828667166626,-58.20517799352751,60.0,33.19444444444444,23.47222222222222,12.63888888888889,32.916666666666664,22.77777777777778,12.36111111111111,32.18811919687346,-13.567424873782358,68.40909090909092,3.0
NS_A30_T20_H60,60,,,0.3,0.2,開發期,1940,4.5995323929039005,-1.3824439146647156,48.24742268041237,1.4903701444490258,-27.904326744086806,-61.39059726569,60.0,23.60824742268041,16.752577319587626,7.680412371134021,23.09278350515464,16.49484536082474,7.371134020618557,19.00826446280992,-15.67502936971253,68.40909090909092,3.0
NS_A40_T20_H40,40,,,0.4,0.2,OOS期,720,9.810322863874088,5.05731833603379,55.833333333333336,2.2042857444536303,-28.492768586769245,-54.429557713052866,40.0,33.47222222222222,21.52777777777778,11.527777777777779,32.5,20.833333333333336,11.11111111111111,26.69211221862441,-13.314066721612306,67.57575757575758,4.0
NS_A40_T20_H40,40,,,0.4,0.2,開發期,1940,4.554089402066128,-2.1403103597845305,46.08247422680412,1.5851524672825419,-22.533135959795434,-68.03951663245788,40.0,22.268041237113405,14.484536082474229,6.54639175257732,21.75257731958763,14.22680412371134,6.237113402061856,15.480799870885232,-13.318869384719289,67.57575757575758,4.0
NS_A30_T20_H40,40,,,0.3,0.2,OOS期,720,8.546669841011722,5.316193330664721,58.333333333333336,2.0837226078069966,-28.46014923719404,-54.429557713052866,40.0,29.72222222222222,19.305555555555557,10.277777777777777,28.749999999999996,18.61111111111111,9.86111111111111,26.69211221862441,-12.992123175675452,67.5,5.0
NS_A30_T20_H40,40,,,0.3,0.2,開發期,1940,4.381324275325556,-0.9659625884572527,48.04123711340206,1.5749224316827364,-22.510087766749844,-68.03951663245788,40.0,21.237113402061855,13.814432989690722,6.185567010309279,20.721649484536083,13.556701030927835,5.876288659793814,15.480799870885232,-12.913609309047686,67.5,5.0
SL10_A40_T20_H60,60,0.1,,0.4,0.2,OOS期,720,6.930670176104243,-10.599999999999998,35.833333333333336,1.9801786558137602,-11.624010776766763,-19.482471606231524,16.0,24.583333333333332,18.055555555555554,9.305555555555555,24.444444444444443,17.77777777777778,9.166666666666666,14.611444529477325,-10.633436394317537,67.27272727272728,6.0
SL10_A40_T20_H60,60,0.1,,0.4,0.2,開發期,1940,2.6760794995291266,-10.599999999999998,28.969072164948457,1.3568627917913614,-10.642682048659495,-19.966517217989967,19.0,17.88659793814433,12.371134020618557,6.030927835051546,17.422680412371133,12.216494845360824,5.876288659793814,10.677975077640633,-10.621628192569753,67.27272727272728,6.0
HOLD_60,60,,,,,OOS期,720,16.70090356368701,6.032415459823804,56.666666666666664,3.009418042436939,-27.81405633452822,-58.20517799352751,60.0,36.25,30.694444444444446,18.88888888888889,36.11111111111111,29.72222222222222,18.75,33.602363183862536,-15.57243555576529,67.04545454545455,7.0
HOLD_60,60,,,,,開發期,1940,5.495714409334561,-4.760484790258783,42.88659793814433,1.5479781400006667,-28.01157096398984,-61.39059726569,60.0,23.8659793814433,17.216494845360824,9.329896907216495,23.45360824742268,16.90721649484536,9.175257731958762,19.00826446280992,-16.82544647659802,67.04545454545455,7.0
NS_A40_T20_H60,60,,,0.4,0.2,OOS期,720,13.499332372542048,12.319799498746875,59.86111111111111,2.7124988985858742,-27.339240263012588,-58.20517799352751,60.0,37.5,26.52777777777778,14.583333333333334,37.083333333333336,25.694444444444443,14.305555555555555,33.602363183862536,-14.183374498183904,66.81818181818183,8.0
NS_A40_T20_H60,60,,,0.4,0.2,開發期,1940,4.615160877509444,-3.47679661325837,44.84536082474227,1.4714714006694831,-27.922668661200305,-61.39059726569,60.0,25.051546391752577,17.628865979381445,8.298969072164947,24.484536082474225,17.31958762886598,7.989690721649484,19.00826446280992,-16.46827674062566,66.81818181818183,8.0
HOLD_40,40,,,,,OOS期,720,11.023188429321975,3.6550305935785015,54.30555555555555,2.3124515844559874,-28.797738878302066,-54.429557713052866,40.0,33.47222222222222,24.444444444444443,13.750000000000002,32.77777777777778,23.47222222222222,13.472222222222221,26.69211221862441,-13.741197183098592,66.74242424242425,9.0
HOLD_40,40,,,,,開發期,1940,4.582882103138071,-2.7012082591355284,44.79381443298969,1.5810693602093007,-22.53899103747204,-68.03951663245788,40.0,21.34020618556701,14.587628865979383,6.907216494845361,21.082474226804123,14.329896907216494,6.752577319587629,15.480799870885232,-13.517953319209825,66.74242424242425,9.0
SL10_A40_T20_H40,40,0.1,,0.4,0.2,OOS期,720,5.666545227480826,-10.599999999999998,36.25,1.8208707359000178,-11.614045403431755,-19.482471606231524,16.0,23.055555555555557,15.416666666666668,8.333333333333332,22.77777777777778,14.86111111111111,8.333333333333332,14.433760507415583,-10.51699155303255,66.13636363636364,10.0
SL10_A40_T20_H40,40,0.1,,0.4,0.2,開發期,1940,2.565689240900952,-10.599999999999998,32.7319587628866,1.37386360878644,-10.600000000000009,-18.889478182853516,19.0,17.31958762886598,11.443298969072165,4.948453608247423,16.855670103092784,11.288659793814434,4.7938144329896915,10.302365490642572,-10.44240426921904,66.13636363636364,10.0
