排名,股票代號,股票名稱,市場,成交股數,date,Trading_Volume,Trading_money,open,max,min,收盤價,spread,Trading_turnover,5日均線,20日均線,60日均線,MACD,MACD訊號線,MACD柱狀體,14日RSI,20日平均成交量,量比,前20日最高價,前一日20日均線,日報酬率,5日報酬率,20日報酬率,60日報酬率,20日年化波動率,ATR14,ATR百分比,MA20乖離率,MA60乖離率,20日最大回撤,20日成交量變異係數,技術分數,技術面原因,風險動能分數,V4原因,外資近5日買賣超股數,投信近5日買賣超股數,自營商近5日買賣超股數,三大法人近5日合計股數,外資連續買超天數,投信連續買超天數,法人資料天數,籌碼分數,籌碼面原因,產業別,同產業公司數,財報類型,每股盈餘,每股盈餘PR,ROE,ROE PR,毛利率,毛利率PR,營業利益率,營業利益率PR,月營收年增率,月營收年增率PR,月營收月增率,月營收月增率PR,負債比率,負債比率PR,流動比率,流動比率PR,總資產周轉率,總資產周轉率PR,存貨周轉率,應收帳款周轉率,本益比,本益比PR,股價淨值比,股價淨值比PR,估值PR,殖利率,殖利率PR,最新月營收,基本面分數,基本面原因,當日成交量（張）,外資近5日買賣超（張）,投信近5日買賣超（張）,自營商近5日買賣超（張）,三大法人近5日合計（張）,籌碼標準分,最終分數,綜合PR,候選等級,目前狀態,V5綜合理由,V5風險提示,50%歷史型態命中率_x,相似樣本40日最高報酬均值_x,相似樣本數,相似樣本50%命中數,50%歷史型態PR_x,技術啟動分數,籌碼動能分數,基本品質分數,價格動能分數,一週起漲分數,波段爆發分數,50%歷史型態命中率_y,50%歷史型態PR_y,相似樣本40日最高報酬均值_y,突破強度分數,動能持續分數,活躍爆發分數,波動爆發潛力,主模型分數,50%潛力判定,風險扣分,全球環境分數,台股環境分數,產業海外順風分數,啟動階段,進場時機分數,進場判定,起漲原因,進場風險,全球環境判定,台股環境判定,起漲潛力排名,波段爆發排名,一週模型排名,主模型排名
10,6531,愛普*,上市,3109128.0,2026-09-24,3046789.0,3025461477.0,990.0,1005.0,951.0,993.0,6.0,0,966.0,950.95,888.1833333333333,20.105979616483296,19.891087047002674,0.21489256948062163,56.25677742778738,3454806.45,0.8818986082418596,1065.0,947.15,0.006079027355623046,7.934782608695645,8.287895310796078,3.329864724245568,67.86710029377413,58.285714285714285,5.86965904186448,4.4218938955780995,11.801242236024855,-13.592233009708742,0.4347934059650744,70,股價高於20日均線、5日均線高於20日均線、20日均線高於60日均線、20日均線向上、RSI介於50至70、MACD多頭、MACD柱狀體為正,68,20日動能健康、60日趨勢尚可、ATR偏高但可接受、20日回撤可接受、MA20乖離健康、MA60位置健康、成交量穩定、短線未過熱,1445215.0,134620.0,42947.0,1622782.0,0,4,5,55,外資近5日買超、投信近5日買超、自營商近5日買超、投信連買至少3日、三大法人合計買超,半導體業,207,一般業,8.33,81.15942028985508,20.814875285153807,74.8792270531401,47.70952409548385,75.84541062801932,29.441443855779344,86.95652173913044,150.82441845471112,90.77669902912622,-6.6106172083492565,22.815533980582526,24.470219349212215,65.21739130434783,373.60485095966965,73.42995169082126,0.5286689579696718,51.20772946859904,,,57.27,22.5,12.89,6.25,14.375,0.7,37.5,1030931.0,67.756655410159,EPS同產業前20%、營業利益率同產業前20%、營收年增同產業前20%,3109.128,1445.215,134.62,42.947,1622.782,84.61538461538461,71.85,97.4,★★★★★ 強勢候選,風險偏高,技術面偏多、法人籌碼強、基本面優於產業平均、風險動能健康、綜合表現前10%,波動率偏高,25.399,35.75,250,63,86.62790697674419,80.0,70.0,67.76,93.0,77.11,71.28,25.399,86.63,35.75,40.0,75.0,25.0,80.0,72.86,🟡 中等爆發潛力,15.0,86.75,78.87,83.33,③ 剛啟動,79.18,🟢 可觀察進場,站上MA20且乖離健康、MA20向上、MA5近期上穿MA20、RSI位於起漲區、MACD近期黃金交叉、MACD動能擴張、外資5日買超、投信5日買超、外資買盤加速,波動率偏高,偏多順風,偏多順風,1.0,8.0,1,1
7,3042,晶技,上市,41859153.0,2026-09-24,41432690.0,8410836070.0,196.0,212.0,189.0,203.0,5.0,0,190.5,182.425,180.75,3.3367233316309353,1.174879652730282,2.161843678900653,63.91391781150429,13227951.55,3.1322075714739066,201.5,181.875,0.025252525252525304,13.725490196078427,5.729166666666674,-10.375275938189843,51.227252995468085,11.107142857142858,5.471498944405349,11.278607646978212,12.309820193637622,-12.020460358056262,0.7107663654344186,100,股價高於20日均線、5日均線高於20日均線、20日均線高於60日均線、20日均線向上、RSI介於50至70、MACD多頭、MACD柱狀體為正、量比達1.5以上、突破20日高點,56,20日動能健康、波動率可接受、ATR偏高但可接受、20日回撤可接受、MA20乖離可接受、MA60位置健康、成交量穩定度普通、短線略熱,3859370.0,1114000.0,2247646.0,7221016.0,0,1,5,40,外資近5日買超、投信近5日買超、自營商近5日買超、三大法人合計買超,電子零組件業,210,一般業,2.96,74.28571428571429,12.710353734211107,70.47619047619048,32.74054148368371,79.52380952380952,15.997380504336745,81.42857142857143,23.47690304200431,40.95238095238095,3.593153763518808,71.42857142857143,31.851752758236284,75.71428571428571,238.418378396115,70.47619047619048,0.6043117037761604,44.761904761904766,,,35.06,44.047619047619044,4.38,29.807692307692307,36.92765567765568,2.36,72.59615384615384,1414665.0,65.11996336996337,營業利益率同產業前20%,41859.153,3859.37,1114.0,2247.646,7221.016,61.53846153846154,73.04,98.3,★★★★★ 強勢候選,等待回檔,技術趨勢強、法人偏多、基本面優於產業平均、綜合表現前10%,無明顯風險訊號,28.652,40.86,250,72,92.73255813953489,69.0,60.0,65.12,55.0,63.62,74.78,28.652,92.73,40.86,70.0,43.0,20.0,100.0,71.55,🟢 中高爆發潛力,22.0,86.75,78.87,82.5,③ 剛啟動,58.62,🟡 等待回檔,MA20向上、RSI位於起漲區、MACD動能擴張、近期突破20日高、外資5日買超、投信5日買超、投信買盤加速,無明顯風險訊號,偏多順風,偏多順風,21.0,3.0,2,2
79,2069,運錩,上市,1991600.0,2026-09-24,1985020.0,51015015.51445007,24.649999618530273,26.100000381469727,24.5,25.700000762939453,0.8000011444091797,0,24.980000305175782,22.98499994277954,20.404166730244956,1.2892495588572963,1.1097641510150162,0.17948540784228006,68.1511155763095,1593555.0,1.2456551546699046,27.549999237060547,22.792499923706053,0.032128560508644766,6.198346912026298,17.62013873800563,41.20878948132904,59.905157935238485,1.51071412222726,5.878264892527852,11.812054935474547,25.954669468783152,-7.505072657603673,0.8425681135889438,70,股價高於20日均線、5日均線高於20日均線、20日均線高於60日均線、20日均線向上、RSI介於50至70、MACD多頭、MACD柱狀體為正,56,20日動能健康、60日趨勢尚可、ATR偏高但可接受、20日回撤小、MA20乖離可接受、成交量穩定度普通、短線未過熱,899121.0,0.0,-10000.0,889121.0,1,0,5,20,外資近5日買超、三大法人合計買超,鋼鐵工業,48,一般業,1.66,76.04166666666666,12.577961656133073,66.66666666666666,14.664215812768525,54.166666666666664,7.611289610835927,56.25,18.856326560148588,62.5,11.291967972776096,95.83333333333334,58.05181224782332,27.083333333333332,107.87674706775053,14.583333333333334,0.9536605840784154,75.0,,,10.04,82.6086956521739,0.97,74.19354838709677,78.40112201963534,3.89,64.51612903225806,886938.0,62.686068256194474,營收月增同產業前20%,1991.6,899.121,0.0,-10.0,889.121,30.76923076923077,57.16,77.3,★★★★ 觀察候選,等待回檔,技術面偏多、綜合表現前25%,無明顯風險訊號,25.031,42.88,250,62,86.04651162790698,72.0,25.0,62.69,75.0,56.95,74.73,25.031,86.05,42.88,57.0,100.0,25.0,100.0,71.46,🟢 中高爆發潛力,17.0,86.75,78.87,100.0,③ 剛啟動,58.36,🟡 等待回檔,MA20向上、MACD動能擴張、成交量溫和放大、近期突破20日高、外資5日買超、外資由賣轉買、法人買超占量提升,無明顯風險訊號,偏多順風,偏多順風,62.0,4.0,3,3
131,8028,昇陽半導體,上市,10321779.0,2026-09-24,10068769.0,2708498861.0,256.5,272.5,253.0,269.0,11.0,0,261.0,243.65,267.90833333333336,0.7634009121373424,-4.394162682573115,5.1575635947104574,60.22504264782853,5107116.45,1.9715174107690456,274.0,242.625,0.04263565891472876,10.245901639344268,8.249496981891348,-16.068642745709827,54.10711972094094,12.571428571428571,4.673393520977164,10.404268417812435,0.4074776820429671,-14.905660377358487,0.7426402940153005,70,股價高於20日均線、5日均線高於20日均線、20日均線向上、RSI介於50至70、MACD多頭、MACD柱狀體為正、量比達1.5以上,51,20日動能健康、波動率可接受、ATR偏高但可接受、20日回撤可接受、MA20乖離可接受、MA60乖離可接受、成交量穩定度普通、短線略熱,-8816000.0,8251000.0,164344.0,-400656.0,0,1,5,20,投信近5日買超、自營商近5日買超,半導體業,207,一般業,3.32,58.69565217391305,19.462533001606,73.91304347826086,37.737532464250414,51.20772946859904,25.729230113346063,83.09178743961353,25.566192675709186,42.71844660194174,-1.8062375039103462,37.37864077669903,56.215866211849196,6.763285024154589,135.91918528359935,11.594202898550725,0.39121452326662454,29.468599033816425,,,48.21,33.75,8.06,10.416666666666668,22.083333333333336,1.0,48.95833333333333,505365.0,49.1850159467192,營業利益率同產業前20%,10321.779,-8816.0,8251.0,164.344,-400.656,30.76923076923077,52.11,62.2,★★★ 一般觀察,等待回檔,技術面偏多,無明顯風險訊號,25.22,37.54,250,63,86.33720930232558,77.0,30.0,49.19,75.0,58.43,73.25,25.22,86.34,37.54,55.0,75.0,65.0,100.0,68.3,🟢 中高爆發潛力,22.0,86.75,78.87,83.33,② 蓄勢,48.5,🔴 暫不考慮,MA20向上、RSI位於起漲區、MACD動能擴張、成交量溫和放大、接近20日突破、投信5日買超、投信由賣轉買,無明顯風險訊號,偏多順風,偏多順風,48.0,5.0,4,4
154,2492,華新科,上市,15596998.0,2026-09-24,15348567.0,4781078620.5,305.0,315.5,302.0,311.5,5.5,0,309.3,306.85,313.725,2.711382475235041,2.058217406066621,0.6531650691684199,52.46530225365555,29129869.25,0.5269013351304349,344.0,305.525,0.017973856209150263,4.882154882154888,9.298245614035094,-44.474153297682705,79.96037760390215,19.464285714285715,6.248566842467325,1.515398403128554,-0.7092198581560405,-14.218009478672988,0.4782897287448017,55,股價高於20日均線、5日均線高於20日均線、20日均線向上、RSI介於50至70、MACD多頭、MACD柱狀體為正,40,20日動能健康、20日回撤可接受、MA20乖離可接受、成交量穩定、短線未過熱,3185952.0,-123000.0,969966.0,4032918.0,1,1,5,25,外資近5日買超、自營商近5日買超、三大法人合計買超,電子零組件業,210,一般業,4.93,85.23809523809524,7.090713235487176,51.90476190476191,19.384337617364217,43.80952380952381,9.020480781816891,61.42857142857143,45.54208446583508,68.0952380952381,2.8056594288635717,69.52380952380952,34.44458332282429,69.52380952380952,157.66046058217208,30.0,0.34789215477979024,13.333333333333334,,,35.0,45.23809523809524,2.27,55.28846153846154,50.263278388278394,0.8,38.46153846153847,4568665.0,56.87857142857142,EPS同產業前20%,15596.998,3185.952,-123.0,969.966,4032.918,38.46153846153847,49.26,55.5,★★★ 一般觀察,風險偏高,,波動率偏高,28.44,37.31,250,71,92.44186046511628,66.0,55.0,56.88,85.0,64.18,65.81,28.44,92.44,37.31,10.0,75.0,25.0,63.0,63.88,🟡 中等爆發潛力,20.0,86.75,78.87,82.5,② 蓄勢,56.19,🟡 等待回檔,站上MA20且乖離健康、MA20向上、RSI位於起漲區、MACD動能擴張、外資5日買超、投信買盤加速、外資由賣轉買,ATR偏高、波動率偏高,偏多順風,偏多順風,17.0,15.0,5,5
121,2302,麗正,上市,9238419.0,2026-09-24,9177902.0,422642380.09781647,45.099998474121094,46.79999923706055,44.5,46.04999923706055,0.2999992370605469,0,44.810000610351565,43.23999996185303,43.18333346048991,0.5659928864121468,0.19858951067880415,0.3674033757333427,60.29103086636055,3936900.8,2.3312505105538857,46.849998474121094,43.1375,0.006557360372908105,4.185516837529724,4.6590891751375985,-16.877259984281245,47.39462744574349,1.992856706891741,4.327593354850507,6.498610725454523,6.6383614854408135,-10.467707356826095,0.7981144688376788,85,股價高於20日均線、5日均線高於20日均線、20日均線高於60日均線、20日均線向上、RSI介於50至70、MACD多頭、MACD柱狀體為正、量比達1.5以上,59,20日動能尚可、波動率可接受、ATR偏高但可接受、20日回撤可接受、MA20乖離健康、MA60位置健康、成交量穩定度普通、短線未過熱,-705793.0,0.0,136432.0,-569361.0,0,0,5,5,自營商近5日買超,半導體業,207,一般業,0.6,28.502415458937197,10.909140390696864,47.34299516908212,35.57762392489921,46.3768115942029,14.167666799130135,53.62318840579711,87.72217512750316,84.9514563106796,10.529890192612967,84.9514563106796,34.29138355651914,39.61352657004831,148.18184683123164,14.492753623188406,0.35819910115285053,26.08695652173913,,,43.04,41.25,4.17,36.45833333333333,38.854166666666664,0.76,38.54166666666667,135083.0,48.7900497162422,營收年增同產業前20%、營收月增同產業前20%,9238.419,-705.793,0.0,136.432,-569.361,7.6923076923076925,53.48,65.1,★★★ 一般觀察,一般觀察,技術趨勢強,無明顯風險訊號,21.884,35.45,250,55,77.03488372093024,77.0,5.0,48.79,85.0,52.37,64.02,21.884,77.03,35.45,55.0,58.0,65.0,100.0,63.1,🟡 中等爆發潛力,5.0,86.75,78.87,83.33,② 蓄勢,59.44,🟡 等待回檔,MA20向上、RSI位於起漲區、MACD動能擴張、成交量溫和放大、接近20日突破,無明顯風險訊號,偏多順風,偏多順風,89.0,19.0,6,6
34,2436,偉詮電,上市,8606455.0,2026-09-24,8512334.0,616292994.5887909,69.5999984741211,72.4000015258789,69.30000305175781,72.4000015258789,2.8000030517578125,0,70.18000030517578,68.0449993133545,64.79499969482421,1.4392031877292482,1.124407849384792,0.31479533834445617,61.49006330948034,5986525.2,1.4219156715484969,73.0,67.7949993133545,0.04022992978654916,7.100596390686853,7.418397458166526,-4.98687083274344,52.99078241264334,2.885713849748884,3.9857925261471223,6.400179670028594,11.737019626318745,-8.567413954463232,0.7375087827910957,70,股價高於20日均線、5日均線高於20日均線、20日均線高於60日均線、20日均線向上、RSI介於50至70、MACD多頭、MACD柱狀體為正,71,20日動能健康、波動率可接受、ATR風險合理、20日回撤可接受、MA20乖離健康、MA60位置健康、成交量穩定度普通、短線未過熱,271760.0,20000.0,407461.0,699221.0,1,1,5,40,外資近5日買超、投信近5日買超、自營商近5日買超、三大法人合計買超,半導體業,207,一般業,3.02,56.52173913043478,24.853498693192545,82.1256038647343,32.334792222659644,39.130434782608695,11.76653663358532,47.34299516908212,32.146686219899934,53.883495145631066,6.272639429151905,75.24271844660194,32.99818002056496,43.47826086956522,261.2469121131019,51.20772946859904,0.6149393762705103,59.42028985507246,,,13.31,87.5,3.04,60.416666666666664,73.95833333333333,2.71,79.16666666666666,428927.0,60.687479480324555,ROE同產業前20%,8606.455,271.76,20.0,407.461,699.221,61.53846153846154,65.71,90.4,★★★★★ 強勢候選,趨勢健康,技術面偏多、法人偏多、風險動能健康、綜合表現前10%,無明顯風險訊號,14.188,28.83,250,36,52.03488372093024,77.0,80.0,60.69,85.0,76.65,57.93,14.188,52.03,28.83,42.0,58.0,65.0,100.0,63.09,⚪ 爆發潛力不足,5.0,86.75,78.87,83.33,② 蓄勢,83.72,🔵 等待突破,MA20向上、RSI位於起漲區、MACD動能擴張、成交量溫和放大、接近20日突破、外資5日買超、投信5日買超、外資買盤加速,無明顯風險訊號,偏多順風,偏多順風,2.0,38.0,7,7
38,2308,台達電,上市,8983854.0,2026-09-24,8183368.0,15630232880.0,1875.0,1935.0,1875.0,1910.0,10.0,0,1864.0,1780.0,1781.0,21.220073536158452,-2.955365044347741,24.175438580506192,61.1370548195429,10692253.65,0.7653548323743704,1965.0,1773.0,0.0052631578947368585,13.353115727002972,7.909604519774005,-3.0456852791878153,55.916716114997314,80.71428571428571,4.225878833208676,7.303370786516861,7.243121841661981,-14.058355437665782,0.32154690823218224,55,股價高於20日均線、5日均線高於20日均線、20日均線向上、RSI介於50至70、MACD多頭、MACD柱狀體為正,55,20日動能健康、ATR偏高但可接受、20日回撤可接受、MA20乖離健康、MA60位置健康、成交量穩定、短線略熱,3314976.0,5645474.0,1437579.0,10398029.0,0,4,5,55,外資近5日買超、投信近5日買超、自營商近5日買超、投信連買至少3日、三大法人合計買超,電子零組件業,210,一般業,17.59,97.14285714285714,29.126199287970657,94.28571428571428,36.27135253517123,85.71428571428571,17.217116637879503,83.33333333333334,34.94854905033159,57.14285714285714,-3.7081029332851845,44.285714285714285,53.57775470079575,24.285714285714285,159.94945612739627,31.428571428571427,0.9082544937184721,85.23809523809524,,,60.79,22.61904761904762,16.89,5.769230769230769,14.194139194139195,0.61,33.65384615384615,64586049.0,67.0102564102564,EPS同產業前20%、ROE同產業前20%、毛利率同產業前20%、營業利益率同產業前20%、資產周轉同產業前20%,8983.854,3314.976,5645.474,1437.579,10398.029,84.61538461538461,64.53,89.2,★★★ 一般觀察,整理觀察,法人籌碼強、基本面優於產業平均、綜合表現前25%,無明顯風險訊號,20.642,32.28,250,52,70.93023255813954,76.0,45.0,67.01,55.0,62.2,59.27,20.642,70.93,32.28,60.0,43.0,0.0,80.0,61.26,⚪ 爆發潛力不足,10.0,86.75,78.87,82.5,③ 剛啟動,69.21,🟢 可觀察進場,MA20向上、MA5近期上穿MA20、RSI位於起漲區、MACD動能擴張、近期突破20日高、外資5日買超、投信5日買超、投信連買,無明顯風險訊號,偏多順風,偏多順風,32.0,33.0,8,8
39,3026,禾伸堂,上市,13190269.0,2026-09-24,12816264.0,10381173840.0,768.0,820.0,765.0,810.0,42.0,0,789.2,749.9,706.7583333333333,30.757508566166507,27.880971786492378,2.8765367796741295,59.455858400102166,10222206.7,1.253766860339461,856.0,743.15,0.0546875,6.578947368421062,19.999999999999996,-9.899888765294772,86.80891033352493,56.714285714285715,7.0017636684303355,8.014401920256041,14.607774934855144,-14.016172506738545,0.3526100037739312,70,股價高於20日均線、5日均線高於20日均線、20日均線高於60日均線、20日均線向上、RSI介於50至70、MACD多頭、MACD柱狀體為正,50,20日動能健康、20日回撤可接受、MA20乖離可接受、MA60位置健康、成交量穩定、短線未過熱,-453771.0,460000.0,110352.0,116581.0,1,5,5,45,投信近5日買超、自營商近5日買超、投信連買至少3日、三大法人合計買超,電子零組件業,210,一般業,6.73,90.0,20.2738080366991,84.76190476190476,25.270103780092068,62.857142857142854,14.384366083970193,76.19047619047619,33.21856745910945,54.761904761904766,-4.075853949899299,41.42857142857143,40.546485068945096,54.761904761904766,193.98381731189386,52.38095238095239,0.870866565923683,82.38095238095238,,,79.02,16.666666666666664,13.01,10.576923076923077,13.62179487179487,0.72,36.05769230769231,1439761.0,64.30824175824176,EPS同產業前20%、ROE同產業前20%、資產周轉同產業前20%,13190.269,-453.771,460.0,110.352,116.581,69.23076923076923,64.14,89.0,★★★★ 觀察候選,風險偏高,技術面偏多、法人偏多、綜合表現前25%,ATR偏高、波動率偏高,26.458,34.94,250,66,89.24418604651163,69.0,50.0,64.31,75.0,63.5,65.13,26.458,89.24,34.94,22.0,75.0,0.0,68.0,61.2,🟡 中等爆發潛力,27.0,86.75,78.87,82.5,④ 趨勢加速,45.5,🔴 暫不考慮,MA20向上、RSI位於起漲區、MACD動能擴張、成交量溫和放大、投信5日買超、外資買盤加速、外資由賣轉買,ATR偏高、波動率偏高,偏多順風,偏多順風,22.0,16.0,9,9
53,3167,大量,上市,8378906.0,2026-09-24,8082730.0,7670510770.0,889.0,968.0,871.0,949.0,59.0,0,868.6,833.35,746.3083333333333,39.50184530037029,34.0287876307526,5.473057669617688,64.79500140726091,5156430.5,1.5675048854047389,971.0,823.0,0.06629213483146068,16.156670746634028,27.89757412398921,18.92230576441103,79.76586656190491,59.42857142857143,6.262230919765166,13.877722445551077,27.159239367107002,-15.565031982942434,0.5655793171878808,85,股價高於20日均線、5日均線高於20日均線、20日均線高於60日均線、20日均線向上、RSI介於50至70、MACD多頭、MACD柱狀體為正、量比達1.5以上,38,20日動能尚可、60日趨勢健康、MA20乖離可接受、成交量穩定、短線略熱,-538675.0,93000.0,649.0,-445026.0,1,0,5,20,投信近5日買超、自營商近5日買超,電機機械,100,一般業,9.26,97.97979797979798,38.41902838437605,96.96969696969697,43.44841779929234,93.93939393939394,24.4791773967225,94.94949494949495,152.9786603130761,98.0,6.37064963781131,78.0,64.4939130377285,10.1010101010101,143.7522864247704,23.232323232323232,0.7943635779055956,87.87878787878788,,,66.55,12.82051282051282,19.78,6.122448979591836,9.471480900052327,0.41,28.57142857142857,1219982.0,75.5632018774876,EPS同產業前20%、ROE同產業前20%、毛利率同產業前20%、營業利益率同產業前20%、營收年增同產業前20%、資產周轉同產業前20%,8378.906,-538.675,93.0,0.649,-445.026,30.76923076923077,61.92,84.9,★★★ 一般觀察,風險偏高,技術趨勢強、基本面優於產業平均、綜合表現前25%,波動率偏高,32.427,41.53,250,81,96.80232558139535,84.0,40.0,75.56,45.0,63.68,80.97,32.427,96.8,41.53,70.0,85.0,45.0,83.0,60.59,🟢 中高爆發潛力,40.0,86.75,78.87,100.0,⑤ 過熱,19.09,🟠 短線過熱,MA20向上、RSI位於起漲區、MACD近期黃金交叉、MACD動能擴張、成交量溫和放大、接近20日突破、投信5日買超、外資買盤加速、外資由賣轉買,5日漲幅過大、MA20乖離過大、ATR偏高、波動率偏高、近期回撤偏大,偏多順風,偏多順風,20.0,2.0,10,10
93,2327,國巨*,上市,35926454.0,2026-09-24,34995154.0,20297189320.0,568.0,589.0,560.0,580.0,7.0,0,566.2,556.9,626.5083333333333,-7.797952706997421,-14.961086273953097,7.1631335669556755,52.5134040594636,38336113.75,0.9128508494161071,610.0,555.65,0.01221640488656206,9.640831758034029,4.504504504504503,-45.023696682464454,72.24867006107823,27.928571428571427,4.815270935960591,4.147961932124256,-7.423418150862582,-22.809667673716017,0.41585890502586487,55,股價高於20日均線、5日均線高於20日均線、20日均線向上、RSI介於50至70、MACD多頭、MACD柱狀體為正,38,20日動能尚可、ATR偏高但可接受、MA20乖離健康、成交量穩定、短線未過熱,8376114.0,909159.0,3061049.0,12346322.0,1,0,5,40,外資近5日買超、投信近5日買超、自營商近5日買超、三大法人合計買超,電子零組件業,210,一般業,8.48,93.33333333333333,19.55186243066699,83.80952380952381,38.316784366386784,90.95238095238095,25.854651864712746,93.33333333333333,51.799610560411935,73.33333333333333,1.2460830535234058,63.8095238095238,64.72824963068913,10.952380952380953,131.1943260355854,15.238095238095239,0.3257050926861922,10.476190476190476,,,39.06,36.904761904761905,6.74,16.346153846153847,26.625457875457876,1.03,49.03846153846153,16332196.0,65.1058608058608,EPS同產業前20%、ROE同產業前20%、毛利率同產業前20%、營業利益率同產業前20%,35926.454,8376.114,909.159,3061.049,12346.322,61.53846153846154,55.94,73.3,★★★ 一般觀察,風險偏高,法人偏多、基本面優於產業平均,波動率偏高、近期回撤偏大,24.548,34.6,250,61,84.30232558139535,73.0,45.0,65.11,75.0,63.72,61.24,24.548,84.3,34.6,25.0,58.0,0.0,80.0,60.53,🟡 中等爆發潛力,23.0,86.75,78.87,82.5,③ 剛啟動,57.72,🟡 等待回檔,站上MA20且乖離健康、MA20向上、MA5近期上穿MA20、RSI位於起漲區、MACD動能擴張、外資5日買超、投信5日買超、外資由賣轉買,波動率偏高、近期回撤偏大,偏多順風,偏多順風,19.0,28.0,11,11
64,3017,奇鋐,上市,2261001.0,2026-09-24,2106810.0,7489709550.0,3460.0,3600.0,3455.0,3555.0,85.0,0,3452.0,3366.75,2863.0833333333335,117.63283843602176,122.39296541151464,-4.760126975492881,62.427994393647744,2884489.35,0.7303927123183865,3595.0,3356.0,0.02449567723342949,11.61695447409734,6.437125748502992,29.744525547445267,56.91916015747236,164.64285714285714,4.631303998392606,5.591445756293156,24.166836452542405,-12.745098039215685,0.2716716179144141,55,股價高於20日均線、5日均線高於20日均線、20日均線高於60日均線、20日均線向上、RSI介於50至70,65,20日動能健康、60日趨勢健康、ATR偏高但可接受、20日回撤可接受、MA20乖離健康、MA60乖離可接受、成交量穩定、短線略熱,-208489.0,317582.0,278375.0,387468.0,2,2,5,30,投信近5日買超、自營商近5日買超、三大法人合計買超,電腦及週邊設備業,109,一般業,44.54,98.1651376146789,61.014726319591276,97.24770642201835,31.169966129411993,64.22018348623854,25.974869729095403,97.24770642201835,54.340256925995845,77.98165137614679,4.792408367613121,71.55963302752293,68.07147020455572,11.926605504587156,126.07057560504325,17.431192660550458,1.008945673161001,76.14678899082568,,,47.39,12.962962962962962,25.29,1.5625,7.262731481481481,0.59,23.4375,19481068.0,69.09650016989467,EPS同產業前20%、ROE同產業前20%、營業利益率同產業前20%,2261.001,-208.489,317.582,278.375,387.468,46.15384615384615,59.46,81.5,★★★ 一般觀察,整理觀察,基本面優於產業平均、風險動能健康、綜合表現前25%,無明顯風險訊號,17.833,31.47,250,45,63.95348837209303,63.0,50.0,69.1,75.0,61.81,59.38,17.833,63.95,31.47,35.0,83.0,25.0,80.0,60.27,⚪ 爆發潛力不足,15.0,86.75,78.87,82.5,③ 剛啟動,63.82,🔵 等待突破,站上MA20且乖離健康、MA20向上、MA5近期上穿MA20、RSI位於起漲區、接近20日突破、投信5日買超、外資買盤加速、投信買盤加速,無明顯風險訊號,偏多順風,偏多順風,33.0,32.0,12,12
4,2032,新鋼,上市,3573551.0,2026-09-24,3556975.0,65981883.53624344,17.5,19.0,17.450000762939453,18.549999237060547,1.0,0,17.529999923706054,17.13999996185303,16.695833285649616,0.20159080452505052,0.08698358787798222,0.1146072166470683,70.72445194074729,475890.55,7.474355185241649,17.799999237060547,17.069999980926514,0.05698005945711304,10.089013751360753,8.163263263385723,11.411409381749827,28.89808322277953,0.4785714830671038,2.579900284367552,8.226366851491406,11.10556100847402,-5.322133011972696,1.5975609443232777,90,股價高於20日均線、5日均線高於20日均線、20日均線高於60日均線、20日均線向上、MACD多頭、MACD柱狀體為正、量比達1.5以上、突破20日高點,85,20日動能健康、60日趨勢健康、波動率合理、ATR風險合理、20日回撤小、MA20乖離可接受、MA60位置健康、短線略熱,910665.0,0.0,47.0,910712.0,3,0,5,35,外資近5日買超、自營商近5日買超、外資連買至少3日、三大法人合計買超,鋼鐵工業,48,一般業,1.02,59.375,14.79867953922228,83.33333333333334,11.543862872348537,39.58333333333333,7.602745771198942,54.166666666666664,-5.264105324462171,33.33333333333333,1.7989213299046458,83.33333333333334,23.54616944918564,87.5,348.22065035247545,93.75,1.4094191278328339,95.83333333333334,,,12.71,56.52173913043478,1.34,46.774193548387096,51.64796633941094,2.7,51.61290322580645,268401.0,64.21718676951848,ROE同產業前20%、營收月增同產業前20%、負債比同產業前20%、流動比率同產業前20%、資產周轉同產業前20%,3573.551,910.665,0.0,0.047,910.712,53.84615384615385,74.03,99.1,★★★★★ 強勢候選,等待回檔,技術趨勢強、法人偏多、風險動能結構佳、綜合表現前10%,成交量波動較大,15.189,25.53,250,40,54.94186046511628,68.0,40.0,64.22,90.0,62.33,60.93,15.189,54.94,25.53,75.0,87.0,25.0,63.0,59.89,🟡 中等爆發潛力,17.0,86.75,78.87,100.0,④ 趨勢加速,55.74,🟡 等待回檔,MA20向上、MA5近期上穿MA20、MACD近期黃金交叉、MACD動能擴張、近期突破20日高、外資5日買超、外資買盤加速、外資連買,無明顯風險訊號,偏多順風,偏多順風,31.0,29.0,13,13
142,6285,啟碁,上市,5064342.0,2026-09-24,4958022.0,1180009236.0,229.0,240.5,229.0,238.0,8.0,0,232.6,233.675,240.93333333333334,-2.643986563176867,-3.7576696152733993,1.1136830520965324,53.00123537919394,3381921.05,1.4660371802588354,255.0,234.025,0.034782608695652195,5.077262693156737,-2.857142857142858,-7.751937984496127,37.1856564387171,7.571428571428571,3.1812725090036014,1.85086123890017,-1.217487548422802,-12.048192771084343,0.33531826671083503,35,股價高於20日均線、RSI介於50至70、MACD多頭、MACD柱狀體為正,50,波動率合理、ATR風險合理、20日回撤可接受、MA20乖離可接受、成交量穩定、短線未過熱,1150106.0,7000.0,507704.0,1664810.0,1,2,5,40,外資近5日買超、投信近5日買超、自營商近5日買超、三大法人合計買超,通信網路業,92,一般業,5.75,92.3913043478261,15.427945197030816,75.0,13.322115324549427,20.652173913043477,5.0013465371776995,53.2608695652174,81.21065327804487,82.41758241758241,-7.148302718672683,27.472527472527474,65.98122243220106,8.695652173913043,133.18897399680478,17.391304347826086,1.3036115013313065,96.73913043478261,,,26.07,50.0,3.21,27.659574468085108,38.829787234042556,1.81,61.702127659574465,15703833.0,58.67432475018044,EPS同產業前20%、營收年增同產業前20%、資產周轉同產業前20%,5064.342,1150.106,7.0,507.704,1664.81,61.53846153846154,50.41,59.0,★★★ 一般觀察,一般觀察,法人偏多,無明顯風險訊號,17.499,28.3,250,44,63.08139534883721,65.0,70.0,58.67,45.0,62.55,56.8,17.499,63.08,28.3,37.0,30.0,65.0,100.0,59.66,⚪ 爆發潛力不足,0.0,86.75,78.87,76.67,④ 趨勢加速,71.09,🟡 等待回檔,站上MA20且乖離健康、RSI位於起漲區、MACD近期黃金交叉、MACD動能擴張、成交量溫和放大、外資5日買超、投信5日買超、外資買盤加速,無明顯風險訊號,偏多順風,偏多順風,28.0,41.0,14,14
163,3645,達邁,上市,6118560.0,2026-09-24,6060121.0,444206887.7940216,73.5,74.80000305175781,72.5999984741211,73.30000305175781,0.7000045776367188,0,70.88000030517578,71.19000053405762,71.3916664759318,0.07434197274686483,-0.29556632635737706,0.3699082991042419,56.88554398881019,3305955.95,1.8330918777063558,77.80000305175781,71.01000022888184,0.009641936533734796,6.540697384293259,5.1650018093815975,-19.97816127424217,51.40188540998656,2.6285689217703685,3.586042035925035,2.9639029384341153,2.6730522903108955,-12.793727960287304,0.8659883878322966,60,股價高於20日均線、20日均線向上、RSI介於50至70、MACD多頭、MACD柱狀體為正、量比達1.5以上,66,20日動能健康、波動率可接受、ATR風險合理、20日回撤可接受、MA20乖離健康、MA60乖離可接受、成交量穩定度普通、短線未過熱,-2339388.0,0.0,-16105.0,-2355493.0,0,0,5,0,,電子零組件業,210,一般業,1.52,58.0952380952381,11.970142884558765,67.61904761904762,37.768809969317886,89.04761904761904,21.26024042760539,88.57142857142857,-10.96126130902746,13.80952380952381,31.380330573810134,98.09523809523809,36.129606204555586,64.76190476190476,149.97210085803022,23.333333333333332,0.47381491930065517,30.0,,,28.3,54.761904761904766,3.0,39.90384615384615,47.33287545787546,1.64,56.730769230769226,184726.0,58.27014652014652,毛利率同產業前20%、營業利益率同產業前20%、營收月增同產業前20%,6118.56,-2339.388,0.0,-16.105,-2355.493,0.0,48.68,52.9,★★★ 一般觀察,一般觀察,風險動能健康,無明顯風險訊號,19.542,31.92,250,48,68.31395348837209,75.0,0.0,58.27,85.0,51.49,58.69,19.542,68.31,31.92,50.0,58.0,65.0,100.0,59.65,⚪ 爆發潛力不足,5.0,86.75,78.87,82.5,③ 剛啟動,63.49,🔵 等待突破,站上MA20且乖離健康、MA20向上、RSI位於起漲區、MACD近期黃金交叉、MACD動能擴張、成交量溫和放大,無明顯風險訊號,偏多順風,偏多順風,95.0,35.0,15,15
11,6672,騰輝電子-KY,上市,15309823.0,2026-09-24,14972487.0,5053214362.5,315.0,337.5,315.0,337.5,30.5,0,311.7,294.625,267.975,12.990312338813794,11.01569603714579,1.9746163016680036,68.67441429892935,5550525.45,2.697490018715255,317.5,291.825,0.09934853420195444,14.991482112436106,19.893428063943162,13.4453781512605,64.38349267848457,18.142857142857142,5.375661375661375,14.552397114976667,25.944584382871525,-9.153713298791022,0.6773929005024549,100,股價高於20日均線、5日均線高於20日均線、20日均線高於60日均線、20日均線向上、RSI介於50至70、MACD多頭、MACD柱狀體為正、量比達1.5以上、突破20日高點,53,20日動能健康、60日趨勢健康、ATR偏高但可接受、20日回撤可接受、MA20乖離可接受、成交量穩定度普通、短線略熱,5108704.0,-989.0,217142.0,5324857.0,2,0,5,25,外資近5日買超、自營商近5日買超、三大法人合計買超,電子零組件業,210,一般業,4.75,83.80952380952381,14.880603501387036,75.71428571428571,35.12554052608058,83.33333333333334,14.55166495670546,77.61904761904762,133.2447678339368,97.61904761904762,21.12713526675334,94.76190476190476,29.422503876293536,83.33333333333334,311.0159290471739,84.76190476190476,0.8401774244370652,78.57142857142857,,,50.98,29.761904761904763,5.73,19.230769230769234,24.496336996337,0.99,47.11538461538461,805877.0,77.64908424908424,EPS同產業前20%、毛利率同產業前20%、營收年增同產業前20%、營收月增同產業前20%、負債比同產業前20%、流動比率同產業前20%,15309.823,5108.704,-0.989,217.142,5324.857,38.46153846153847,71.59,97.1,★★★★ 觀察候選,等待回檔,技術趨勢強、基本面優於產業平均、綜合表現前10%,無明顯風險訊號,32.073,43.59,250,80,96.51162790697676,62.0,30.0,77.65,60.0,54.45,81.03,32.073,96.51,43.59,70.0,85.0,45.0,100.0,59.51,🟢 中高爆發潛力,35.0,86.75,78.87,82.5,⑤ 過熱,13.45,🟠 短線過熱,MA20向上、MACD動能擴張、近期突破20日高、外資5日買超、外資買盤加速、法人買超占量提升,MA20乖離過大、波動率偏高,偏多順風,偏多順風,77.0,1.0,16,16
41,6438,迅得,上市,1118497.0,2026-09-24,1097764.0,172897830.0,156.0,162.0,154.5,157.5,4.5,0,152.4,151.125,147.89166666666668,1.1339252572362568,0.5291399373413659,0.6047853198948909,62.12638553105461,472643.35,2.3226054063809425,167.0,150.675,0.02941176470588225,8.247422680412363,6.060606060606055,-7.079646017699115,33.46545978133692,4.392857142857143,2.789115646258504,4.218362282878418,6.496872710880708,-10.658307210031348,1.0324027890176015,85,股價高於20日均線、5日均線高於20日均線、20日均線高於60日均線、20日均線向上、RSI介於50至70、MACD多頭、MACD柱狀體為正、量比達1.5以上,75,20日動能健康、波動率合理、ATR風險合理、20日回撤可接受、MA20乖離健康、MA60位置健康、短線未過熱,296350.0,0.0,155065.0,451415.0,1,0,5,25,外資近5日買超、自營商近5日買超、三大法人合計買超,其他電子業,95,一般業,3.79,71.57894736842105,9.383968641884204,51.578947368421055,26.13306102112036,54.736842105263165,11.237866941220748,61.05263157894737,15.539377169954319,40.0,-4.193080750695454,33.68421052631579,42.35675710694803,60.0,182.25609415676936,49.473684210526315,0.6351198022408269,50.526315789473685,,,27.3,34.21052631578947,2.04,51.08695652173913,42.6487414187643,3.17,65.21739130434783,611320.0,52.9258581235698,,1118.497,296.35,0.0,155.065,451.415,38.46153846153847,64.07,88.4,★★★★ 觀察候選,趨勢健康,技術趨勢強、風險動能結構佳、綜合表現前25%,成交量波動較大,12.061,21.31,250,31,44.0406976744186,90.0,40.0,52.93,75.0,67.19,53.28,12.061,44.04,21.31,65.0,58.0,65.0,83.0,59.46,⚪ 爆發潛力不足,0.0,86.75,78.87,82.5,③ 剛啟動,84.19,🟢 可觀察進場,站上MA20且乖離健康、MA20向上、MA5近期上穿MA20、RSI位於起漲區、MACD近期黃金交叉、MACD動能擴張、成交量溫和放大、外資5日買超、外資買盤加速、外資由賣轉買,無明顯風險訊號,偏多順風,偏多順風,12.0,54.0,17,17
175,3533,嘉澤,上市,1078035.0,2026-09-24,1023872.0,1730343680.0,1660.0,1735.0,1660.0,1690.0,0.0,0,1660.0,1640.0,1795.75,-28.301143295966085,-51.407750761263955,23.10660746529787,51.93120572718104,999701.5,1.0241777170485389,1770.0,1636.75,0.0,8.681672025723476,4.0000000000000036,-22.29885057471265,56.37208285766133,70.71428571428571,4.184277261200338,3.0487804878048808,-5.8889043575107936,-19.402985074626866,0.6316848377777269,55,股價高於20日均線、5日均線高於20日均線、20日均線向上、RSI介於50至70、MACD多頭、MACD柱狀體為正,36,20日動能尚可、ATR偏高但可接受、MA20乖離健康、成交量穩定度普通、短線未過熱,-823937.0,-4941.0,45380.0,-783498.0,0,0,5,5,自營商近5日買超,電子零組件業,210,一般業,39.04,99.04761904761905,20.436088963506975,85.23809523809524,47.48187062853427,94.28571428571428,25.460891826637106,92.38095238095238,19.58057828451359,37.142857142857146,-5.0630841086818705,39.523809523809526,25.84454117006502,89.52380952380953,276.9466978950187,80.47619047619048,0.6501063538783171,55.23809523809524,,,20.6,75.0,4.64,26.923076923076923,50.96153846153846,2.07,65.38461538461539,3198344.0,73.72564102564104,EPS同產業前20%、ROE同產業前20%、毛利率同產業前20%、營業利益率同產業前20%、負債比同產業前20%、流動比率同產業前20%,1078.035,-823.937,-4.941,45.38,-783.498,7.6923076923076925,47.36,49.4,★★ 弱勢,整理觀察,基本面優於產業平均,無明顯風險訊號,21.865,32.19,250,56,76.74418604651163,78.0,20.0,73.73,75.0,59.51,58.28,21.865,76.74,32.19,25.0,58.0,45.0,90.0,59.33,⚪ 爆發潛力不足,13.0,86.75,78.87,82.5,③ 剛啟動,63.51,🔵 等待突破,站上MA20且乖離健康、MA20向上、MA5近期上穿MA20、RSI位於起漲區、MACD動能擴張、投信買盤加速,近期回撤偏大,偏多順風,偏多順風,43.0,37.0,18,18
178,2406,國碩,上市,10613029.0,2026-09-24,10573433.0,322489706.5,30.299999237060547,31.5,30.299999237060547,30.5,0.6000003814697266,0,29.70999984741211,27.802499866485597,30.913333225250245,-0.026472184934725362,-0.636107608815614,0.6096354238808886,61.31702967383952,5285412.1,2.0004935849751435,31.0,27.71249990463257,0.02006690264630917,14.66165249097935,6.271774178434519,-26.94610778443114,45.91780846402304,1.0892857142857142,3.571428571428571,9.702365422060822,-1.337071037401527,-15.336467633398886,1.3533207507456286,70,股價高於20日均線、5日均線高於20日均線、20日均線向上、RSI介於50至70、MACD多頭、MACD柱狀體為正、量比達1.5以上,43,20日動能健康、波動率可接受、ATR風險合理、MA20乖離可接受、短線略熱,-4722888.0,0.0,43201.0,-4679687.0,0,0,5,5,自營商近5日買超,光電業,116,一般業,0.33,45.21739130434783,8.186556407623028,65.21739130434783,15.110401102657962,35.65217391304348,4.924435816899604,66.08695652173913,86.10504037359958,92.17391304347827,-2.6907065723487666,47.368421052631575,49.586211511380775,18.26086956521739,194.96526669943952,37.391304347826086,0.6362057553116237,70.43478260869566,,,169.44,11.627906976744185,2.89,29.411764705882355,20.51983584131327,0.0,24.264705882352942,970776.0,53.68036732227881,營收年增同產業前20%,10613.029,-4722.888,0.0,43.201,-4679.687,7.6923076923076925,47.24,48.5,★★ 弱勢,等待回檔,技術面偏多,成交量波動較大,21.298,32.08,250,54,73.25581395348837,84.0,5.0,53.68,55.0,51.4,62.77,21.298,73.26,32.08,70.0,43.0,65.0,100.0,59.17,🟡 中等爆發潛力,25.0,86.75,78.87,100.0,③ 剛啟動,44.81,🔴 暫不考慮,MA20向上、MA5近期上穿MA20、RSI位於起漲區、MACD動能擴張、成交量溫和放大、接近20日突破,近期回撤偏大,偏多順風,偏多順風,96.0,25.0,19,19
108,3717,聯嘉投控,上市,13381856.0,2026-09-24,13341999.0,338219679.7395687,25.549999237060547,26.5,24.5,25.350000381469727,-0.6999988555908203,0,25.329999923706055,22.799999904632568,23.165833314259846,0.6944362400548627,0.20532171755897877,0.48911452249588394,65.87126453623871,5447162.35,2.4493485126251104,27.75,22.682499885559082,-0.026871358007371948,10.698693466164766,10.217392962911864,-11.208402595811373,48.2811403583801,1.2535715103149414,4.9450551931008,11.18421266448797,9.428398441705976,-9.677419354838712,1.5276824696131426,70,股價高於20日均線、5日均線高於20日均線、20日均線向上、RSI介於50至70、MACD多頭、MACD柱狀體為正、量比達1.5以上,53,20日動能健康、波動率可接受、ATR偏高但可接受、20日回撤可接受、MA20乖離可接受、MA60位置健康、短線略熱,5438818.0,0.0,-592465.0,4846353.0,0,0,5,20,外資近5日買超、三大法人合計買超,汽車工業,44,一般業,1.15,56.81818181818182,13.625238112404098,88.63636363636364,19.51185679894737,41.86046511627907,7.720818867608326,58.139534883720934,10.007209773926757,59.09090909090909,-1.6086140826301998,56.81818181818182,61.40152918275703,27.27272727272727,141.30593142001823,30.23255813953488,0.7740438389680958,83.72093023255815,,,316.88,3.125,1.5,45.45454545454545,24.289772727272727,0.79,34.090909090909086,505042.0,56.53091966173361,ROE同產業前20%、資產周轉同產業前20%,13381.856,5438.818,0.0,-592.465,4846.353,30.76923076923077,54.71,68.9,★★★ 一般觀察,等待回檔,技術面偏多,成交量波動較大,22.736,34.36,250,56,80.52325581395348,52.0,15.0,56.53,60.0,42.78,63.74,22.736,80.52,34.36,25.0,75.0,65.0,100.0,57.23,🟡 中等爆發潛力,22.0,86.75,78.87,100.0,④ 趨勢加速,31.18,🔴 暫不考慮,MA20向上、成交量溫和放大、外資5日買超、法人買超占量提升,無明顯風險訊號,偏多順風,偏多順風,163.0,21.0,20,20
